algorithm,file,nP,nQ,P3,R3,TLF1,cf,runtime,FFP
COSIACTTEC,bach_wtc2f20_COSIACTTEC,3,21,0.1605,0.8180,0.2684,2.6107,1505,0.4415
COSIACTTEC,beet_sonata01-3_COSIACTTEC,7,21,0.1041,0.1948,0.1357,4.0157,8426,0.2570
COSIACTTEC,chop_mazurka24-4_COSIACTTEC,3,42,0.0306,0.2098,0.0535,3.2729,23024,0.1001
COSIACTTEC,gbns_silverswan_COSIACTTEC,4,14,0.1314,0.3152,0.1855,2.0813,219,0.2427
COSIACTTEC,mzrt_sonata04-2_COSIACTTEC,9,20,0.2101,0.4002,0.2755,3.9636,12925,0.3957
COSIACTTEC-RRT,bach_wtc2f20_COSIACTTEC-RRT,3,17,0.1560,0.4694,0.2342,2.6390,1367,0.1246
COSIACTTEC-RRT,beet_sonata01-3_COSIACTTEC-RRT,7,20,0.1078,0.2034,0.1409,4.0262,8015,0.2655
COSIACTTEC-RRT,chop_mazurka24-4_COSIACTTEC-RRT,3,42,0.0306,0.2098,0.0535,3.2780,21223,0.1001
COSIACTTEC-RRT,gbns_silverswan_COSIACTTEC-RRT,4,14,0.1314,0.3152,0.1855,2.0813,224,0.2427
COSIACTTEC-RRT,mzrt_sonata04-2_COSIACTTEC-RRT,9,20,0.2094,0.4002,0.2749,3.9636,12252,0.3957
COSIACTTECBB,bach_wtc2f20_COSIACTTECBB,3,21,0.1543,0.7537,0.2562,2.6107,1614,0.4108
COSIACTTECBB,beet_sonata01-3_COSIACTTECBB,7,21,0.1645,0.2634,0.2025,4.0157,8671,0.3492
COSIACTTECBB,chop_mazurka24-4_COSIACTTECBB,3,42,0.0643,0.3293,0.1076,3.2729,23423,0.1491
COSIACTTECBB,gbns_silverswan_COSIACTTECBB,4,14,0.1593,0.3400,0.2170,2.0813,265,0.2693
COSIACTTECBB,mzrt_sonata04-2_COSIACTTECBB,9,20,0.2599,0.4460,0.3284,3.9636,13243,0.4283
COSIACTTECBB-RRT,bach_wtc2f20_COSIACTTECBB-RRT,3,17,0.1525,0.4316,0.2254,2.6390,1379,0.1279
COSIACTTECBB-RRT,beet_sonata01-3_COSIACTTECBB-RRT,7,20,0.1792,0.2970,0.2235,4.0262,7859,0.3578
COSIACTTECBB-RRT,chop_mazurka24-4_COSIACTTECBB-RRT,3,42,0.0643,0.3293,0.1076,3.2780,22589,0.1491
COSIACTTECBB-RRT,gbns_silverswan_COSIACTTECBB-RRT,4,14,0.1593,0.3400,0.2170,2.0813,212,0.2693
COSIACTTECBB-RRT,mzrt_sonata04-2_COSIACTTECBB-RRT,9,20,0.2585,0.4460,0.3273,3.9636,12154,0.4283
COSIACTTECSegment,bach_wtc2f20_COSIACTTECSegment,3,21,0.1294,0.4516,0.2012,2.6107,1581,0.3477
COSIACTTECSegment,beet_sonata01-3_COSIACTTECSegment,7,21,0.3210,0.5896,0.4157,4.0157,8655,0.3630
COSIACTTECSegment,chop_mazurka24-4_COSIACTTECSegment,3,42,0.1658,0.6906,0.2674,3.2729,22916,0.2259
COSIACTTECSegment,gbns_silverswan_COSIACTTECSegment,4,14,0.2550,0.4846,0.3342,2.0813,232,0.2701
COSIACTTECSegment,mzrt_sonata04-2_COSIACTTECSegment,9,20,0.3690,0.5779,0.4504,3.9636,13285,0.4446
COSIACTTECSegment-RRT,bach_wtc2f20_COSIACTTECSegment-RRT,3,17,0.1105,0.3402,0.1668,2.6390,1332,0.1096
COSIACTTECSegment-RRT,beet_sonata01-3_COSIACTTECSegment-RRT,7,20,0.3347,0.5936,0.4281,4.0262,7816,0.3737
COSIACTTECSegment-RRT,chop_mazurka24-4_COSIACTTECSegment-RRT,3,42,0.1658,0.6906,0.2674,3.2780,21686,0.2259
COSIACTTECSegment-RRT,gbns_silverswan_COSIACTTECSegment-RRT,4,14,0.2550,0.4846,0.3342,2.0813,225,0.2701
COSIACTTECSegment-RRT,mzrt_sonata04-2_COSIACTTECSegment-RRT,9,20,0.3683,0.5786,0.4501,3.9636,12226,0.4446
COSIARCTTEC,bach_wtc2f20_COSIARCTTEC,3,21,0.1605,0.8180,0.2684,2.6107,5617,0.4415
COSIARCTTEC,beet_sonata01-3_COSIARCTTEC,7,21,0.1041,0.1948,0.1357,4.0157,34060,0.2570
COSIARCTTEC,chop_mazurka24-4_COSIARCTTEC,3,42,0.0306,0.2098,0.0535,3.2729,74530,0.1001
COSIARCTTEC,gbns_silverswan_COSIARCTTEC,4,14,0.1314,0.3152,0.1855,2.0813,607,0.2427
COSIARCTTEC,mzrt_sonata04-2_COSIARCTTEC,9,22,0.1940,0.4002,0.2613,3.9727,49902,0.3957
COSIARCTTEC-RRT,bach_wtc2f20_COSIARCTTEC-RRT,3,17,0.1560,0.4694,0.2342,2.6390,4908,0.1246
COSIARCTTEC-RRT,beet_sonata01-3_COSIARCTTEC-RRT,7,20,0.1078,0.2034,0.1409,4.0262,32376,0.2655
COSIARCTTEC-RRT,chop_mazurka24-4_COSIARCTTEC-RRT,3,42,0.0306,0.2098,0.0535,3.2780,70989,0.1001
COSIARCTTEC-RRT,gbns_silverswan_COSIARCTTEC-RRT,4,14,0.1314,0.3152,0.1855,2.0813,555,0.2427
COSIARCTTEC-RRT,mzrt_sonata04-2_COSIARCTTEC-RRT,9,22,0.1934,0.4002,0.2607,3.9727,45544,0.3957
COSIARCTTECBB,bach_wtc2f20_COSIARCTTECBB,3,21,0.1543,0.7537,0.2562,2.6107,5692,0.4108
COSIARCTTECBB,beet_sonata01-3_COSIARCTTECBB,7,21,0.1645,0.2634,0.2025,4.0157,34013,0.3492
COSIARCTTECBB,chop_mazurka24-4_COSIARCTTECBB,3,42,0.0643,0.3293,0.1076,3.2729,77050,0.1491
COSIARCTTECBB,gbns_silverswan_COSIARCTTECBB,4,14,0.1593,0.3400,0.2170,2.0813,568,0.2693
COSIARCTTECBB,mzrt_sonata04-2_COSIARCTTECBB,9,22,0.2413,0.4460,0.3131,3.9727,48750,0.4283
COSIARCTTECBB-RRT,bach_wtc2f20_COSIARCTTECBB-RRT,3,17,0.1525,0.4316,0.2254,2.6390,4893,0.1279
COSIARCTTECBB-RRT,beet_sonata01-3_COSIARCTTECBB-RRT,7,20,0.1792,0.2970,0.2235,4.0262,32611,0.3578
COSIARCTTECBB-RRT,chop_mazurka24-4_COSIARCTTECBB-RRT,3,42,0.0643,0.3293,0.1076,3.2780,69527,0.1491
COSIARCTTECBB-RRT,gbns_silverswan_COSIARCTTECBB-RRT,4,14,0.1593,0.3400,0.2170,2.0813,604,0.2693
COSIARCTTECBB-RRT,mzrt_sonata04-2_COSIARCTTECBB-RRT,9,22,0.2399,0.4460,0.3120,3.9727,45697,0.4283
COSIARCTTECSegment,bach_wtc2f20_COSIARCTTECSegment,3,21,0.1294,0.4516,0.2012,2.6107,5562,0.3477
COSIARCTTECSegment,beet_sonata01-3_COSIARCTTECSegment,7,21,0.3210,0.5896,0.4157,4.0157,34379,0.3630
COSIARCTTECSegment,chop_mazurka24-4_COSIARCTTECSegment,3,42,0.1658,0.6906,0.2674,3.2729,74402,0.2259
COSIARCTTECSegment,gbns_silverswan_COSIARCTTECSegment,4,14,0.2550,0.4846,0.3342,2.0813,663,0.2701
COSIARCTTECSegment,mzrt_sonata04-2_COSIARCTTECSegment,9,22,0.3398,0.5757,0.4273,3.9727,48668,0.4446
COSIARCTTECSegment-RRT,bach_wtc2f20_COSIARCTTECSegment-RRT,3,17,0.1105,0.3402,0.1668,2.6390,4909,0.1096
COSIARCTTECSegment-RRT,beet_sonata01-3_COSIARCTTECSegment-RRT,7,20,0.3347,0.5936,0.4281,4.0262,32789,0.3737
COSIARCTTECSegment-RRT,chop_mazurka24-4_COSIARCTTECSegment-RRT,3,42,0.1658,0.6906,0.2674,3.2780,68860,0.2259
COSIARCTTECSegment-RRT,gbns_silverswan_COSIARCTTECSegment-RRT,4,14,0.2550,0.4846,0.3342,2.0813,543,0.2701
COSIARCTTECSegment-RRT,mzrt_sonata04-2_COSIARCTTECSegment-RRT,9,22,0.3398,0.5780,0.4280,3.9727,45573,0.4446
COSIARTEC,bach_wtc2f20_COSIARTEC,3,30,0.1098,0.6877,0.1893,2.6777,11618,0.3310
COSIARTEC,beet_sonata01-3_COSIARTEC,7,22,0.0883,0.1960,0.1217,3.8450,70938,0.1165
COSIARTEC,chop_mazurka24-4_COSIARTEC,3,60,0.0197,0.1490,0.0348,2.9685,219045,0.0865
COSIARTEC,gbns_silverswan_COSIARTEC,4,15,0.0959,0.1452,0.1155,2.2200,816,0.1063
COSIARTEC,mzrt_sonata04-2_COSIARTEC,9,32,0.1173,0.3290,0.1730,3.7265,174738,0.2398
COSIARTEC-RRT,bach_wtc2f20_COSIARTEC-RRT,3,24,0.1246,0.4762,0.1975,2.7795,9397,0.1246
COSIARTEC-RRT,beet_sonata01-3_COSIARTEC-RRT,7,29,0.0766,0.1587,0.1033,3.5356,85988,0.1083
COSIARTEC-RRT,chop_mazurka24-4_COSIARTEC-RRT,3,56,0.0218,0.1485,0.0381,3.0832,190225,0.0937
COSIARTEC-RRT,gbns_silverswan_COSIARTEC-RRT,4,15,0.0959,0.1452,0.1155,2.2200,834,0.1063
COSIARTEC-RRT,mzrt_sonata04-2_COSIARTEC-RRT,9,29,0.1072,0.3109,0.1594,3.7996,114933,0.3786
COSIARTECBB,bach_wtc2f20_COSIARTECBB,3,30,0.1127,0.6280,0.1912,2.6777,11614,0.3062
COSIARTECBB,beet_sonata01-3_COSIARTECBB,7,22,0.2564,0.4894,0.3365,3.8450,70815,0.2529
COSIARTECBB,chop_mazurka24-4_COSIARTECBB,3,60,0.1182,0.5501,0.1946,2.9685,219296,0.2553
COSIARTECBB,gbns_silverswan_COSIARTECBB,4,15,0.2491,0.3386,0.2870,2.2200,798,0.3466
COSIARTECBB,mzrt_sonata04-2_COSIARTECBB,9,32,0.2556,0.4779,0.3330,3.7265,174864,0.3466
COSIARTECBB-RRT,bach_wtc2f20_COSIARTECBB-RRT,3,24,0.1406,0.4920,0.2187,2.7795,9478,0.1292
COSIARTECBB-RRT,beet_sonata01-3_COSIARTECBB-RRT,7,29,0.3219,0.5662,0.4105,3.5356,88301,0.3531
COSIARTECBB-RRT,chop_mazurka24-4_COSIARTECBB-RRT,3,56,0.1119,0.4958,0.1826,3.0832,198744,0.2538
COSIARTECBB-RRT,gbns_silverswan_COSIARTECBB-RRT,4,15,0.2491,0.3386,0.2870,2.2200,798,0.3466
COSIARTECBB-RRT,mzrt_sonata04-2_COSIARTECBB-RRT,9,29,0.2125,0.5062,0.2994,3.7996,120816,0.5194
COSIARTECSegment,bach_wtc2f20_COSIARTECSegment,3,30,0.1082,0.4471,0.1743,2.6777,11798,0.2592
COSIARTECSegment,beet_sonata01-3_COSIARTECSegment,7,22,0.4823,0.6629,0.5584,3.8450,70886,0.2991
COSIARTECSegment,chop_mazurka24-4_COSIARTECSegment,3,60,0.2817,0.7946,0.4159,2.9685,220246,0.4877
COSIARTECSegment,gbns_silverswan_COSIARTECSegment,4,15,0.4682,0.3226,0.3820,2.2200,756,0.6126
COSIARTECSegment,mzrt_sonata04-2_COSIARTECSegment,9,32,0.4154,0.6258,0.4994,3.7265,175450,0.4376
COSIARTECSegment-RRT,bach_wtc2f20_COSIARTECSegment-RRT,3,24,0.1268,0.3417,0.1850,2.7795,9566,0.1112
COSIARTECSegment-RRT,beet_sonata01-3_COSIARTECSegment-RRT,7,29,0.6251,0.7548,0.6838,3.5356,87624,0.5617
COSIARTECSegment-RRT,chop_mazurka24-4_COSIARTECSegment-RRT,3,56,0.2789,0.7925,0.4126,3.0832,194650,0.5508
COSIARTECSegment-RRT,gbns_silverswan_COSIARTECSegment-RRT,4,15,0.4682,0.3226,0.3820,2.2200,834,0.6126
COSIARTECSegment-RRT,mzrt_sonata04-2_COSIARTECSegment-RRT,9,29,0.4427,0.6815,0.5367,3.7996,119189,0.6662
COSIATEC,bach_wtc2f20_COSIATEC,3,30,0.1104,0.5766,0.1853,2.6875,13699,0.3310
COSIATEC,beet_sonata01-3_COSIATEC,7,23,0.0988,0.1978,0.1318,3.8741,81283,0.1344
COSIATEC,chop_mazurka24-4_COSIATEC,3,45,0.0313,0.2635,0.0560,3.7796,314403,0.1073
COSIATEC,gbns_silverswan_COSIATEC,4,16,0.1064,0.2009,0.1391,2.3125,772,0.1460
COSIATEC,mzrt_sonata04-2_COSIATEC,9,23,0.1477,0.3725,0.2116,4.2228,201785,0.3195
COSIATEC-RRT,bach_wtc2f20_COSIATEC-RRT,3,27,0.1150,0.4762,0.1852,2.8115,12821,0.1246
COSIATEC-RRT,beet_sonata01-3_COSIATEC-RRT,7,24,0.0708,0.1599,0.0981,3.8259,81107,0.0841
COSIATEC-RRT,chop_mazurka24-4_COSIATEC-RRT,3,45,0.0228,0.1682,0.0401,3.7054,338376,0.0910
COSIATEC-RRT,gbns_silverswan_COSIATEC-RRT,4,16,0.1064,0.2009,0.1391,2.3125,787,0.1460
COSIATEC-RRT,mzrt_sonata04-2_COSIATEC-RRT,9,24,0.1390,0.3725,0.2025,4.2641,214195,0.3195
COSIATECBB,bach_wtc2f20_COSIATECBB,3,30,0.1222,0.5158,0.1976,2.6875,14868,0.3062
COSIATECBB,beet_sonata01-3_COSIATECBB,7,23,0.3393,0.6786,0.4524,3.8741,80056,0.2673
COSIATECBB,chop_mazurka24-4_COSIATECBB,3,45,0.0928,0.5744,0.1598,3.7796,348422,0.2490
COSIATECBB,gbns_silverswan_COSIATECBB,4,16,0.2231,0.3260,0.2649,2.3125,770,0.2818
COSIATECBB,mzrt_sonata04-2_COSIATECBB,9,23,0.2724,0.5506,0.3645,4.2228,224421,0.4688
COSIATECBB-RRT,bach_wtc2f20_COSIATECBB-RRT,3,27,0.1350,0.4920,0.2118,2.8115,12482,0.1292
COSIATECBB-RRT,beet_sonata01-3_COSIATECBB-RRT,7,24,0.2447,0.4891,0.3262,3.8259,80785,0.3514
COSIATECBB-RRT,chop_mazurka24-4_COSIATECBB-RRT,3,45,0.0903,0.3961,0.1470,3.7054,352843,0.1879
COSIATECBB-RRT,gbns_silverswan_COSIATECBB-RRT,4,16,0.2231,0.3260,0.2649,2.3125,805,0.2818
COSIATECBB-RRT,mzrt_sonata04-2_COSIATECBB-RRT,9,24,0.2794,0.5506,0.3707,4.2641,214061,0.4688
COSIATECSegment,bach_wtc2f20_COSIATECSegment,3,30,0.1149,0.4210,0.1806,2.6875,13503,0.2592
COSIATECSegment,beet_sonata01-3_COSIATECSegment,7,23,0.5477,0.8380,0.6624,3.8741,81761,0.3085
COSIATECSegment,chop_mazurka24-4_COSIATECSegment,3,45,0.1969,0.7848,0.3148,3.7796,300315,0.3737
COSIATECSegment,gbns_silverswan_COSIATECSegment,4,16,0.4367,0.3437,0.3846,2.3125,646,0.5812
COSIATECSegment,mzrt_sonata04-2_COSIATECSegment,9,23,0.4611,0.6925,0.5536,4.2228,218068,0.5502
COSIATECSegment-RRT,bach_wtc2f20_COSIATECSegment-RRT,3,27,0.1229,0.3417,0.1808,2.8115,12524,0.1112
COSIATECSegment-RRT,beet_sonata01-3_COSIATECSegment-RRT,7,24,0.5147,0.7594,0.6135,3.8259,81209,0.5218
COSIATECSegment-RRT,chop_mazurka24-4_COSIATECSegment-RRT,3,45,0.2404,0.6625,0.3528,3.7054,335052,0.4677
COSIATECSegment-RRT,gbns_silverswan_COSIATECSegment-RRT,4,16,0.4367,0.3437,0.3846,2.3125,782,0.5812
COSIATECSegment-RRT,mzrt_sonata04-2_COSIATECSegment-RRT,9,24,0.4749,0.6873,0.5617,4.2641,205331,0.5502
Forth,bach_wtc2f20_Forth,3,10,0.1287,0.2157,0.1612,1.2327,6921,0.1965
Forth,beet_sonata01-3_Forth,7,16,0.2346,0.4854,0.3163,0.8040,37643,0.2662
Forth,chop_mazurka24-4_Forth,3,20,0.0690,0.2912,0.1115,1.0603,167178,0.1344
Forth,gbns_silverswan_Forth,4,4,0.3141,0.3141,0.3141,1.0954,931,0.2513
Forth,mzrt_sonata04-2_Forth,9,20,0.1730,0.3679,0.2354,1.3732,84014,0.3719
Forth-RRT,bach_wtc2f20_Forth-RRT,3,8,0.1276,0.1692,0.1455,1.1585,6017,0.1417
Forth-RRT,beet_sonata01-3_Forth-RRT,7,15,0.1956,0.4093,0.2647,0.9355,34496,0.2651
Forth-RRT,chop_mazurka24-4_Forth-RRT,3,21,0.0694,0.2899,0.1120,1.1186,160098,0.1301
Forth-RRT,gbns_silverswan_Forth-RRT,4,4,0.3141,0.3141,0.3141,1.0954,629,0.2513
Forth-RRT,mzrt_sonata04-2_Forth-RRT,9,21,0.1660,0.3683,0.2288,1.3457,84316,0.3719
ForthBB,bach_wtc2f20_ForthBB,3,10,0.1312,0.2148,0.1629,1.2327,6100,0.1959
ForthBB,beet_sonata01-3_ForthBB,7,16,0.2805,0.4701,0.3513,0.8040,33340,0.2593
ForthBB,chop_mazurka24-4_ForthBB,3,20,0.1292,0.3464,0.1882,1.0603,158791,0.1842
ForthBB,gbns_silverswan_ForthBB,4,4,0.2542,0.2521,0.2532,1.0954,463,0.2034
ForthBB,mzrt_sonata04-2_ForthBB,9,20,0.2161,0.4104,0.2831,1.3732,83795,0.3842
ForthBB-RRT,bach_wtc2f20_ForthBB-RRT,3,8,0.1530,0.1816,0.1661,1.1585,6140,0.1711
ForthBB-RRT,beet_sonata01-3_ForthBB-RRT,7,15,0.2240,0.4085,0.2894,0.9355,34361,0.2571
ForthBB-RRT,chop_mazurka24-4_ForthBB-RRT,3,21,0.1340,0.3487,0.1936,1.1186,158872,0.1642
ForthBB-RRT,gbns_silverswan_ForthBB-RRT,4,4,0.2542,0.2521,0.2532,1.0954,593,0.2034
ForthBB-RRT,mzrt_sonata04-2_ForthBB-RRT,9,21,0.2071,0.4104,0.2753,1.3457,83987,0.3842
ForthCT,bach_wtc2f20_ForthCT,3,13,0.2423,0.5468,0.3358,1.5961,408,0.2296
ForthCT,beet_sonata01-3_ForthCT,7,13,0.4436,0.7213,0.5493,1.8073,2525,0.4663
ForthCT,chop_mazurka24-4_ForthCT,3,24,0.1525,0.4843,0.2320,1.7321,5218,0.4135
ForthCT,gbns_silverswan_ForthCT,4,4,0.3285,0.3362,0.3323,1.5782,72,0.2628
ForthCT,mzrt_sonata04-2_ForthCT,9,12,0.4731,0.6725,0.5554,2.5239,3215,0.5738
ForthCT-RRT,bach_wtc2f20_ForthCT-RRT,3,10,0.2569,0.5121,0.3422,1.7488,413,0.3940
ForthCT-RRT,beet_sonata01-3_ForthCT-RRT,7,12,0.3314,0.5471,0.4128,2.3919,2562,0.4745
ForthCT-RRT,chop_mazurka24-4_ForthCT-RRT,3,24,0.1526,0.4843,0.2321,1.7422,5282,0.4136
ForthCT-RRT,gbns_silverswan_ForthCT-RRT,4,4,0.3285,0.3362,0.3323,1.5782,84,0.2628
ForthCT-RRT,mzrt_sonata04-2_ForthCT-RRT,9,12,0.4745,0.6725,0.5564,2.5349,3128,0.5738
ForthCTBB,bach_wtc2f20_ForthCTBB,3,13,0.2368,0.5200,0.3254,1.5961,411,0.2269
ForthCTBB,beet_sonata01-3_ForthCTBB,7,13,0.4670,0.7156,0.5652,1.8073,2497,0.4669
ForthCTBB,chop_mazurka24-4_ForthCTBB,3,24,0.1992,0.5689,0.2950,1.7321,5152,0.4889
ForthCTBB,gbns_silverswan_ForthCTBB,4,4,0.3128,0.3196,0.3162,1.5782,73,0.2502
ForthCTBB,mzrt_sonata04-2_ForthCTBB,9,12,0.5086,0.6742,0.5798,2.5239,3130,0.5738
ForthCTBB-RRT,bach_wtc2f20_ForthCTBB-RRT,3,10,0.2533,0.5200,0.3406,1.7488,410,0.3794
ForthCTBB-RRT,beet_sonata01-3_ForthCTBB-RRT,7,12,0.3608,0.5470,0.4348,2.3919,2485,0.4750
ForthCTBB-RRT,chop_mazurka24-4_ForthCTBB-RRT,3,24,0.1993,0.5689,0.2952,1.7422,5319,0.4891
ForthCTBB-RRT,gbns_silverswan_ForthCTBB-RRT,4,4,0.3128,0.3196,0.3162,1.5782,79,0.2502
ForthCTBB-RRT,mzrt_sonata04-2_ForthCTBB-RRT,9,12,0.5107,0.6742,0.5812,2.5349,3118,0.5738
ForthCTSegment,bach_wtc2f20_ForthCTSegment,3,13,0.1986,0.3867,0.2625,1.5961,405,0.2152
ForthCTSegment,beet_sonata01-3_ForthCTSegment,7,13,0.4784,0.7160,0.5736,1.8073,2525,0.4871
ForthCTSegment,chop_mazurka24-4_ForthCTSegment,3,24,0.2217,0.5867,0.3218,1.7321,5186,0.5082
ForthCTSegment,gbns_silverswan_ForthCTSegment,4,4,0.3133,0.3166,0.3149,1.5782,61,0.2506
ForthCTSegment,mzrt_sonata04-2_ForthCTSegment,9,12,0.5178,0.6754,0.5862,2.5239,3061,0.5738
ForthCTSegment-RRT,bach_wtc2f20_ForthCTSegment-RRT,3,10,0.2079,0.4418,0.2827,1.7488,423,0.2979
ForthCTSegment-RRT,beet_sonata01-3_ForthCTSegment-RRT,7,12,0.3764,0.5524,0.4477,2.3919,2525,0.4977
ForthCTSegment-RRT,chop_mazurka24-4_ForthCTSegment-RRT,3,24,0.2221,0.5867,0.3223,1.7422,5313,0.5085
ForthCTSegment-RRT,gbns_silverswan_ForthCTSegment-RRT,4,4,0.3133,0.3166,0.3149,1.5782,84,0.2506
ForthCTSegment-RRT,mzrt_sonata04-2_ForthCTSegment-RRT,9,12,0.5237,0.6754,0.5899,2.5349,3201,0.5738
ForthR,bach_wtc2f20_ForthR,3,10,0.2254,0.3886,0.2853,1.8367,4813,0.2709
ForthR,beet_sonata01-3_ForthR,7,19,0.1512,0.3545,0.2120,1.2669,31324,0.2530
ForthR,chop_mazurka24-4_ForthR,3,20,0.0711,0.2858,0.1138,1.1174,58451,0.1256
ForthR,gbns_silverswan_ForthR,4,5,0.2778,0.3196,0.2973,1.0882,406,0.2778
ForthR,mzrt_sonata04-2_ForthR,9,18,0.2174,0.3700,0.2738,1.3488,41469,0.3719
ForthR-RRT,bach_wtc2f20_ForthR-RRT,3,9,0.2574,0.3886,0.3097,1.8413,4956,0.2888
ForthR-RRT,beet_sonata01-3_ForthR-RRT,7,19,0.1338,0.3529,0.1940,1.0427,32081,0.0607
ForthR-RRT,chop_mazurka24-4_ForthR-RRT,3,19,0.0708,0.2873,0.1137,1.1566,64255,0.1250
ForthR-RRT,gbns_silverswan_ForthR-RRT,4,5,0.2778,0.3196,0.2973,1.0882,446,0.2778
ForthR-RRT,mzrt_sonata04-2_ForthR-RRT,9,18,0.2174,0.3700,0.2738,1.3488,42063,0.3719
ForthRBB,bach_wtc2f20_ForthRBB,3,10,0.2169,0.3592,0.2704,1.8367,4856,0.2533
ForthRBB,beet_sonata01-3_ForthRBB,7,19,0.2390,0.4273,0.3065,1.2669,30863,0.2814
ForthRBB,chop_mazurka24-4_ForthRBB,3,20,0.1272,0.3509,0.1867,1.1174,62790,0.1589
ForthRBB,gbns_silverswan_ForthRBB,4,5,0.2233,0.2498,0.2358,1.0882,458,0.2233
ForthRBB,mzrt_sonata04-2_ForthRBB,9,18,0.2775,0.4096,0.3309,1.3488,40663,0.3842
ForthRBB-RRT,bach_wtc2f20_ForthRBB-RRT,3,9,0.2480,0.3592,0.2934,1.8413,4910,0.2712
ForthRBB-RRT,beet_sonata01-3_ForthRBB-RRT,7,19,0.1884,0.4288,0.2618,1.0427,31847,0.0844
ForthRBB-RRT,chop_mazurka24-4_ForthRBB-RRT,3,19,0.1234,0.3509,0.1826,1.1566,61389,0.1552
ForthRBB-RRT,gbns_silverswan_ForthRBB-RRT,4,5,0.2233,0.2498,0.2358,1.0882,453,0.2233
ForthRBB-RRT,mzrt_sonata04-2_ForthRBB-RRT,9,18,0.2775,0.4096,0.3309,1.3488,41615,0.3842
ForthRCT,bach_wtc2f20_ForthRCT,3,13,0.2423,0.5468,0.3358,1.5961,1832,0.2296
ForthRCT,beet_sonata01-3_ForthRCT,7,13,0.4436,0.7213,0.5493,1.8073,9019,0.4663
ForthRCT,chop_mazurka24-4_ForthRCT,3,24,0.1525,0.4843,0.2320,1.7321,14895,0.4135
ForthRCT,gbns_silverswan_ForthRCT,4,4,0.3285,0.3362,0.3323,1.5782,211,0.2628
ForthRCT,mzrt_sonata04-2_ForthRCT,9,12,0.4731,0.6725,0.5554,2.5239,11498,0.5738
ForthRCT-RRT,bach_wtc2f20_ForthRCT-RRT,3,10,0.2569,0.5121,0.3422,1.7488,1842,0.3940
ForthRCT-RRT,beet_sonata01-3_ForthRCT-RRT,7,12,0.3314,0.5471,0.4128,2.3919,8999,0.4745
ForthRCT-RRT,chop_mazurka24-4_ForthRCT-RRT,3,24,0.1526,0.4843,0.2321,1.7422,14823,0.4136
ForthRCT-RRT,gbns_silverswan_ForthRCT-RRT,4,4,0.3285,0.3362,0.3323,1.5782,194,0.2628
ForthRCT-RRT,mzrt_sonata04-2_ForthRCT-RRT,9,12,0.4745,0.6725,0.5564,2.5349,11534,0.5738
ForthRCTBB,bach_wtc2f20_ForthRCTBB,3,13,0.2368,0.5200,0.3254,1.5961,1836,0.2269
ForthRCTBB,beet_sonata01-3_ForthRCTBB,7,13,0.4670,0.7156,0.5652,1.8073,8966,0.4669
ForthRCTBB,chop_mazurka24-4_ForthRCTBB,3,24,0.1992,0.5689,0.2950,1.7321,14829,0.4889
ForthRCTBB,gbns_silverswan_ForthRCTBB,4,4,0.3128,0.3196,0.3162,1.5782,191,0.2502
ForthRCTBB,mzrt_sonata04-2_ForthRCTBB,9,12,0.5086,0.6742,0.5798,2.5239,11486,0.5738
ForthRCTBB-RRT,bach_wtc2f20_ForthRCTBB-RRT,3,10,0.2533,0.5200,0.3406,1.7488,1850,0.3794
ForthRCTBB-RRT,beet_sonata01-3_ForthRCTBB-RRT,7,12,0.3608,0.5470,0.4348,2.3919,9127,0.4750
ForthRCTBB-RRT,chop_mazurka24-4_ForthRCTBB-RRT,3,24,0.1993,0.5689,0.2952,1.7422,14861,0.4891
ForthRCTBB-RRT,gbns_silverswan_ForthRCTBB-RRT,4,4,0.3128,0.3196,0.3162,1.5782,199,0.2502
ForthRCTBB-RRT,mzrt_sonata04-2_ForthRCTBB-RRT,9,12,0.5107,0.6742,0.5812,2.5349,11586,0.5738
ForthRCTSegment,bach_wtc2f20_ForthRCTSegment,3,13,0.1986,0.3867,0.2625,1.5961,1835,0.2152
ForthRCTSegment,beet_sonata01-3_ForthRCTSegment,7,13,0.4784,0.7160,0.5736,1.8073,9106,0.4871
ForthRCTSegment,chop_mazurka24-4_ForthRCTSegment,3,24,0.2217,0.5867,0.3218,1.7321,14696,0.5082
ForthRCTSegment,gbns_silverswan_ForthRCTSegment,4,4,0.3133,0.3166,0.3149,1.5782,281,0.2506
ForthRCTSegment,mzrt_sonata04-2_ForthRCTSegment,9,12,0.5178,0.6754,0.5862,2.5239,11463,0.5738
ForthRCTSegment-RRT,bach_wtc2f20_ForthRCTSegment-RRT,3,10,0.2079,0.4418,0.2827,1.7488,1814,0.2979
ForthRCTSegment-RRT,beet_sonata01-3_ForthRCTSegment-RRT,7,12,0.3764,0.5524,0.4477,2.3919,8959,0.4977
ForthRCTSegment-RRT,chop_mazurka24-4_ForthRCTSegment-RRT,3,24,0.2221,0.5867,0.3223,1.7422,14914,0.5085
ForthRCTSegment-RRT,gbns_silverswan_ForthRCTSegment-RRT,4,4,0.3133,0.3166,0.3149,1.5782,182,0.2506
ForthRCTSegment-RRT,mzrt_sonata04-2_ForthRCTSegment-RRT,9,12,0.5237,0.6754,0.5899,2.5349,11396,0.5738
ForthRSegment,bach_wtc2f20_ForthRSegment,3,10,0.1989,0.3661,0.2577,1.8367,4846,0.1926
ForthRSegment,beet_sonata01-3_ForthRSegment,7,19,0.2932,0.4650,0.3597,1.2669,31450,0.3175
ForthRSegment,chop_mazurka24-4_ForthRSegment,3,20,0.2288,0.3902,0.2885,1.1174,57934,0.2559
ForthRSegment,gbns_silverswan_ForthRSegment,4,5,0.2291,0.2581,0.2427,1.0882,420,0.2291
ForthRSegment,mzrt_sonata04-2_ForthRSegment,9,18,0.3447,0.4474,0.3894,1.3488,40955,0.4480
ForthRSegment-RRT,bach_wtc2f20_ForthRSegment-RRT,3,9,0.2271,0.3661,0.2803,1.8413,4906,0.2093
ForthRSegment-RRT,beet_sonata01-3_ForthRSegment-RRT,7,19,0.2361,0.4656,0.3133,1.0427,32119,0.1316
ForthRSegment-RRT,chop_mazurka24-4_ForthRSegment-RRT,3,19,0.2169,0.3874,0.2781,1.1566,61384,0.2588
ForthRSegment-RRT,gbns_silverswan_ForthRSegment-RRT,4,5,0.2291,0.2581,0.2427,1.0882,446,0.2291
ForthRSegment-RRT,mzrt_sonata04-2_ForthRSegment-RRT,9,18,0.3447,0.4474,0.3894,1.3488,42061,0.4480
ForthSegment,bach_wtc2f20_ForthSegment,3,10,0.1308,0.2844,0.1792,1.2327,6108,0.1878
ForthSegment,beet_sonata01-3_ForthSegment,7,16,0.3102,0.4816,0.3774,0.8040,35693,0.2854
ForthSegment,chop_mazurka24-4_ForthSegment,3,20,0.2707,0.4477,0.3374,1.0603,149146,0.3386
ForthSegment,gbns_silverswan_ForthSegment,4,4,0.2467,0.2468,0.2468,1.0954,532,0.1974
ForthSegment,mzrt_sonata04-2_ForthSegment,9,20,0.2756,0.4595,0.3446,1.3732,84611,0.4480
ForthSegment-RRT,bach_wtc2f20_ForthSegment-RRT,3,8,0.1976,0.2909,0.2354,1.1585,6065,0.1816
ForthSegment-RRT,beet_sonata01-3_ForthSegment-RRT,7,15,0.2617,0.4150,0.3210,0.9355,34220,0.2830
ForthSegment-RRT,chop_mazurka24-4_ForthSegment-RRT,3,21,0.2676,0.4260,0.3287,1.1186,157888,0.2736
ForthSegment-RRT,gbns_silverswan_ForthSegment-RRT,4,4,0.2467,0.2468,0.2468,1.0954,628,0.1974
ForthSegment-RRT,mzrt_sonata04-2_ForthSegment-RRT,9,21,0.2638,0.4595,0.3352,1.3457,84722,0.4480
ReCOSIACTTEC,bach_wtc2f20_ReCOSIACTTEC,3,46,0.0836,0.8180,0.1517,2.6875,1513,0.2048
ReCOSIACTTEC,beet_sonata01-3_ReCOSIACTTEC,7,36,0.0776,0.1948,0.1110,4.2369,8238,0.1786
ReCOSIACTTEC,chop_mazurka24-4_ReCOSIACTTEC,3,52,0.0272,0.2098,0.0482,3.3200,23124,0.0906
ReCOSIACTTEC,gbns_silverswan_ReCOSIACTTEC,4,14,0.1314,0.3152,0.1855,2.0813,234,0.2427
ReCOSIACTTEC,mzrt_sonata04-2_ReCOSIACTTEC,9,49,0.1117,0.4002,0.1746,4.2126,12707,0.2275
ReCOSIACTTEC-RRT,bach_wtc2f20_ReCOSIACTTEC-RRT,3,24,0.1105,0.4694,0.1789,2.7276,4182,0.0185
ReCOSIACTTEC-RRT,beet_sonata01-3_ReCOSIACTTEC-RRT,7,36,0.0767,0.2034,0.1114,4.2841,20738,0.1908
ReCOSIACTTEC-RRT,chop_mazurka24-4_ReCOSIACTTEC-RRT,3,52,0.0272,0.2098,0.0482,3.3253,37930,0.0906
ReCOSIACTTEC-RRT,gbns_silverswan_ReCOSIACTTEC-RRT,4,14,0.1314,0.3152,0.1855,2.0813,464,0.2427
ReCOSIACTTEC-RRT,mzrt_sonata04-2_ReCOSIACTTEC-RRT,9,44,0.1221,0.4002,0.1871,4.2956,18451,0.2275
ReCOSIACTTECBB,bach_wtc2f20_ReCOSIACTTECBB,3,46,0.0814,0.7537,0.1470,2.6875,1838,0.2083
ReCOSIACTTECBB,beet_sonata01-3_ReCOSIACTTECBB,7,36,0.1234,0.2634,0.1681,4.2369,8313,0.2033
ReCOSIACTTECBB,chop_mazurka24-4_ReCOSIACTTECBB,3,52,0.0558,0.3293,0.0955,3.3200,22840,0.1322
ReCOSIACTTECBB,gbns_silverswan_ReCOSIACTTECBB,4,14,0.1593,0.3400,0.2170,2.0813,231,0.2693
ReCOSIACTTECBB,mzrt_sonata04-2_ReCOSIACTTECBB,9,49,0.1414,0.4460,0.2147,4.2126,14406,0.2377
ReCOSIACTTECBB-RRT,bach_wtc2f20_ReCOSIACTTECBB-RRT,3,24,0.1080,0.4316,0.1728,2.7276,3969,0.0217
ReCOSIACTTECBB-RRT,beet_sonata01-3_ReCOSIACTTECBB-RRT,7,36,0.1276,0.2970,0.1786,4.2841,20777,0.2251
ReCOSIACTTECBB-RRT,chop_mazurka24-4_ReCOSIACTTECBB-RRT,3,52,0.0558,0.3293,0.0955,3.3253,38007,0.1322
ReCOSIACTTECBB-RRT,gbns_silverswan_ReCOSIACTTECBB-RRT,4,14,0.1593,0.3400,0.2170,2.0813,485,0.2693
ReCOSIACTTECBB-RRT,mzrt_sonata04-2_ReCOSIACTTECBB-RRT,9,44,0.1549,0.4460,0.2300,4.2956,18250,0.2377
ReCOSIACTTECSegment,bach_wtc2f20_ReCOSIACTTECSegment,3,46,0.0701,0.4516,0.1213,2.6875,1517,0.1834
ReCOSIACTTECSegment,beet_sonata01-3_ReCOSIACTTECSegment,7,36,0.2267,0.5896,0.3275,4.2369,8265,0.2263
ReCOSIACTTECSegment,chop_mazurka24-4_ReCOSIACTTECSegment,3,52,0.1569,0.7066,0.2568,3.3200,22891,0.2090
ReCOSIACTTECSegment,gbns_silverswan_ReCOSIACTTECSegment,4,14,0.2550,0.4846,0.3342,2.0813,223,0.2701
ReCOSIACTTECSegment,mzrt_sonata04-2_ReCOSIACTTECSegment,9,49,0.2026,0.5779,0.3001,4.2126,13057,0.2482
ReCOSIACTTECSegment-RRT,bach_wtc2f20_ReCOSIACTTECSegment-RRT,3,24,0.0798,0.3402,0.1292,2.7276,4389,0.0282
ReCOSIACTTECSegment-RRT,beet_sonata01-3_ReCOSIACTTECSegment-RRT,7,36,0.2254,0.5936,0.3268,4.2841,20760,0.2606
ReCOSIACTTECSegment-RRT,chop_mazurka24-4_ReCOSIACTTECSegment-RRT,3,52,0.1569,0.7066,0.2568,3.3253,37877,0.2090
ReCOSIACTTECSegment-RRT,gbns_silverswan_ReCOSIACTTECSegment-RRT,4,14,0.2550,0.4846,0.3342,2.0813,500,0.2701
ReCOSIACTTECSegment-RRT,mzrt_sonata04-2_ReCOSIACTTECSegment-RRT,9,44,0.2188,0.5786,0.3175,4.2956,18405,0.2482
ReCOSIARCTTEC,bach_wtc2f20_ReCOSIARCTTEC,3,46,0.0836,0.8180,0.1517,2.6875,6227,0.2048
ReCOSIARCTTEC,beet_sonata01-3_ReCOSIARCTTEC,7,36,0.0776,0.1948,0.1110,4.2369,38219,0.1786
ReCOSIARCTTEC,chop_mazurka24-4_ReCOSIARCTTEC,3,52,0.0272,0.2098,0.0482,3.3200,84223,0.0906
ReCOSIARCTTEC,gbns_silverswan_ReCOSIARCTTEC,4,14,0.1314,0.3152,0.1855,2.0813,649,0.2427
ReCOSIARCTTEC,mzrt_sonata04-2_ReCOSIARCTTEC,9,51,0.1086,0.4002,0.1708,4.2228,55122,0.2275
ReCOSIARCTTEC-RRT,bach_wtc2f20_ReCOSIARCTTEC-RRT,3,24,0.1105,0.4694,0.1789,2.7276,6300,0.0185
ReCOSIARCTTEC-RRT,beet_sonata01-3_ReCOSIARCTTEC-RRT,7,36,0.0767,0.2034,0.1114,4.2841,41339,0.1908
ReCOSIARCTTEC-RRT,chop_mazurka24-4_ReCOSIARCTTEC-RRT,3,52,0.0272,0.2098,0.0482,3.3253,88786,0.0906
ReCOSIARCTTEC-RRT,gbns_silverswan_ReCOSIARCTTEC-RRT,4,14,0.1314,0.3152,0.1855,2.0813,667,0.2427
ReCOSIARCTTEC-RRT,mzrt_sonata04-2_ReCOSIARCTTEC-RRT,9,46,0.1182,0.4002,0.1825,4.3062,58085,0.2275
ReCOSIARCTTECBB,bach_wtc2f20_ReCOSIARCTTECBB,3,46,0.0814,0.7537,0.1470,2.6875,6230,0.2083
ReCOSIARCTTECBB,beet_sonata01-3_ReCOSIARCTTECBB,7,36,0.1234,0.2634,0.1681,4.2369,38129,0.2033
ReCOSIARCTTECBB,chop_mazurka24-4_ReCOSIARCTTECBB,3,52,0.0558,0.3293,0.0955,3.3200,84623,0.1322
ReCOSIARCTTECBB,gbns_silverswan_ReCOSIARCTTECBB,4,14,0.1593,0.3400,0.2170,2.0813,649,0.2693
ReCOSIARCTTECBB,mzrt_sonata04-2_ReCOSIARCTTECBB,9,51,0.1380,0.4460,0.2108,4.2228,55023,0.2377
ReCOSIARCTTECBB-RRT,bach_wtc2f20_ReCOSIARCTTECBB-RRT,3,24,0.1080,0.4316,0.1728,2.7276,6266,0.0217
ReCOSIARCTTECBB-RRT,beet_sonata01-3_ReCOSIARCTTECBB-RRT,7,36,0.1276,0.2970,0.1786,4.2841,41467,0.2251
ReCOSIARCTTECBB-RRT,chop_mazurka24-4_ReCOSIARCTTECBB-RRT,3,52,0.0558,0.3293,0.0955,3.3253,87739,0.1322
ReCOSIARCTTECBB-RRT,gbns_silverswan_ReCOSIARCTTECBB-RRT,4,14,0.1593,0.3400,0.2170,2.0813,667,0.2693
ReCOSIARCTTECBB-RRT,mzrt_sonata04-2_ReCOSIARCTTECBB-RRT,9,46,0.1505,0.4460,0.2251,4.3062,58022,0.2377
ReCOSIARCTTECSegment,bach_wtc2f20_ReCOSIARCTTECSegment,3,46,0.0701,0.4516,0.1213,2.6875,6250,0.1834
ReCOSIARCTTECSegment,beet_sonata01-3_ReCOSIARCTTECSegment,7,36,0.2267,0.5896,0.3275,4.2369,38254,0.2263
ReCOSIARCTTECSegment,chop_mazurka24-4_ReCOSIARCTTECSegment,3,52,0.1569,0.7066,0.2568,3.3200,84182,0.2090
ReCOSIARCTTECSegment,gbns_silverswan_ReCOSIARCTTECSegment,4,14,0.2550,0.4846,0.3342,2.0813,649,0.2701
ReCOSIARCTTECSegment,mzrt_sonata04-2_ReCOSIARCTTECSegment,9,51,0.1966,0.5757,0.2931,4.2228,55672,0.2482
ReCOSIARCTTECSegment-RRT,bach_wtc2f20_ReCOSIARCTTECSegment-RRT,3,24,0.0798,0.3402,0.1292,2.7276,6177,0.0282
ReCOSIARCTTECSegment-RRT,beet_sonata01-3_ReCOSIARCTTECSegment-RRT,7,36,0.2254,0.5936,0.3268,4.2841,41372,0.2606
ReCOSIARCTTECSegment-RRT,chop_mazurka24-4_ReCOSIARCTTECSegment-RRT,3,52,0.1569,0.7066,0.2568,3.3253,88464,0.2090
ReCOSIARCTTECSegment-RRT,gbns_silverswan_ReCOSIARCTTECSegment-RRT,4,14,0.2550,0.4846,0.3342,2.0813,653,0.2701
ReCOSIARCTTECSegment-RRT,mzrt_sonata04-2_ReCOSIARCTTECSegment-RRT,9,46,0.2116,0.5780,0.3098,4.3062,58238,0.2482
ReCOSIARTEC,bach_wtc2f20_ReCOSIARTEC,3,62,0.0683,0.6877,0.1243,2.7074,11740,0.1422
ReCOSIARTEC,beet_sonata01-3_ReCOSIARTEC,7,48,0.0575,0.1960,0.0889,4.1344,67685,0.0633
ReCOSIARTEC,chop_mazurka24-4_ReCOSIARTEC,3,83,0.0173,0.1490,0.0310,3.0924,230959,0.0901
ReCOSIARTEC,gbns_silverswan_ReCOSIARTEC,4,21,0.0752,0.1452,0.0991,2.2653,801,0.0467
ReCOSIARTEC,mzrt_sonata04-2_ReCOSIARTEC,9,76,0.0743,0.3290,0.1212,4.0939,164102,0.1517
ReCOSIARTEC-RRT,bach_wtc2f20_ReCOSIARTEC-RRT,3,40,0.0852,0.4762,0.1446,2.9357,10870,0.0984
ReCOSIARTEC-RRT,beet_sonata01-3_ReCOSIARTEC-RRT,7,58,0.0543,0.1636,0.0816,3.8546,98542,0.0486
ReCOSIARTEC-RRT,chop_mazurka24-4_ReCOSIARTEC-RRT,3,80,0.0193,0.1485,0.0342,3.2022,233477,0.0890
ReCOSIARTEC-RRT,gbns_silverswan_ReCOSIARTEC-RRT,4,21,0.0752,0.1452,0.0991,2.2653,998,0.0467
ReCOSIARTEC-RRT,mzrt_sonata04-2_ReCOSIARTEC-RRT,9,68,0.0667,0.3109,0.1098,4.2956,130745,0.1674
ReCOSIARTECBB,bach_wtc2f20_ReCOSIARTECBB,3,62,0.0696,0.6280,0.1253,2.7074,11924,0.1422
ReCOSIARTECBB,beet_sonata01-3_ReCOSIARTECBB,7,48,0.1702,0.4894,0.2526,4.1344,67307,0.0799
ReCOSIARTECBB,chop_mazurka24-4_ReCOSIARTECBB,3,83,0.0919,0.5501,0.1574,3.0924,213155,0.2389
ReCOSIARTECBB,gbns_silverswan_ReCOSIARTECBB,4,21,0.1947,0.3386,0.2472,2.2653,782,0.1080
ReCOSIARTECBB,mzrt_sonata04-2_ReCOSIARTECBB,9,76,0.1533,0.4784,0.2322,4.0939,164862,0.1680
ReCOSIARTECBB-RRT,bach_wtc2f20_ReCOSIARTECBB-RRT,3,40,0.0948,0.4920,0.1590,2.9357,11048,0.1029
ReCOSIARTECBB-RRT,beet_sonata01-3_ReCOSIARTECBB-RRT,7,58,0.2039,0.5662,0.2998,3.8546,97820,0.1313
ReCOSIARTECBB-RRT,chop_mazurka24-4_ReCOSIARTECBB-RRT,3,80,0.0864,0.4958,0.1472,3.2022,214366,0.2333
ReCOSIARTECBB-RRT,gbns_silverswan_ReCOSIARTECBB-RRT,4,21,0.1947,0.3386,0.2472,2.2653,943,0.1080
ReCOSIARTECBB-RRT,mzrt_sonata04-2_ReCOSIARTECBB-RRT,9,68,0.1345,0.5062,0.2125,4.2956,131212,0.1814
ReCOSIARTECSegment,bach_wtc2f20_ReCOSIARTECSegment,3,62,0.0683,0.4471,0.1186,2.7074,11828,0.1346
ReCOSIARTECSegment,beet_sonata01-3_ReCOSIARTECSegment,7,48,0.3186,0.6629,0.4303,4.1344,67697,0.0979
ReCOSIARTECSegment,chop_mazurka24-4_ReCOSIARTECSegment,3,83,0.2292,0.7946,0.3557,3.0924,214266,0.4146
ReCOSIARTECSegment,gbns_silverswan_ReCOSIARTECSegment,4,21,0.3677,0.3598,0.3637,2.2653,803,0.1843
ReCOSIARTECSegment,mzrt_sonata04-2_ReCOSIARTECSegment,9,76,0.2580,0.6258,0.3654,4.0939,164432,0.2932
ReCOSIARTECSegment-RRT,bach_wtc2f20_ReCOSIARTECSegment-RRT,3,40,0.0871,0.3417,0.1388,2.9357,11215,0.1000
ReCOSIARTECSegment-RRT,beet_sonata01-3_ReCOSIARTECSegment-RRT,7,58,0.3859,0.7548,0.5107,3.8546,98097,0.2717
ReCOSIARTECSegment-RRT,chop_mazurka24-4_ReCOSIARTECSegment-RRT,3,80,0.2231,0.7925,0.3481,3.2022,217787,0.4811
ReCOSIARTECSegment-RRT,gbns_silverswan_ReCOSIARTECSegment-RRT,4,21,0.3677,0.3598,0.3637,2.2653,966,0.1843
ReCOSIARTECSegment-RRT,mzrt_sonata04-2_ReCOSIARTECSegment-RRT,9,68,0.2773,0.6815,0.3942,4.2956,131886,0.3687
ReCOSIATEC,bach_wtc2f20_ReCOSIATEC,3,35,0.1070,0.5766,0.1805,2.7175,15103,0.3176
ReCOSIATEC,beet_sonata01-3_ReCOSIATEC,7,46,0.0682,0.1978,0.1015,4.1793,74547,0.0727
ReCOSIATEC,chop_mazurka24-4_ReCOSIATEC,3,65,0.0272,0.2635,0.0494,4.0448,340398,0.0825
ReCOSIATEC,gbns_silverswan_ReCOSIATEC,4,19,0.1022,0.2009,0.1355,2.3451,809,0.1266
ReCOSIATEC,mzrt_sonata04-2_ReCOSIATEC,9,51,0.0892,0.3725,0.1439,4.6882,208681,0.1681
ReCOSIATEC-RRT,bach_wtc2f20_ReCOSIATEC-RRT,3,40,0.0881,0.4762,0.1486,2.9715,47097,0.0984
ReCOSIATEC-RRT,beet_sonata01-3_ReCOSIATEC-RRT,7,42,0.0553,0.1633,0.0827,4.1013,321667,0.0486
ReCOSIATEC-RRT,chop_mazurka24-4_ReCOSIATEC-RRT,3,63,0.0214,0.1682,0.0380,3.9299,1182718,0.0863
ReCOSIATEC-RRT,gbns_silverswan_ReCOSIATEC-RRT,4,19,0.1022,0.2009,0.1355,2.3451,9172,0.1266
ReCOSIATEC-RRT,mzrt_sonata04-2_ReCOSIATEC-RRT,9,55,0.0828,0.3725,0.1355,4.7912,493228,0.1691
ReCOSIATECBB,bach_wtc2f20_ReCOSIATECBB,3,35,0.1168,0.5158,0.1905,2.7175,14010,0.2928
ReCOSIATECBB,beet_sonata01-3_ReCOSIATECBB,7,46,0.2361,0.6786,0.3503,4.1793,67855,0.0922
ReCOSIATECBB,chop_mazurka24-4_ReCOSIATECBB,3,65,0.0797,0.5744,0.1399,4.0448,292879,0.1189
ReCOSIATECBB,gbns_silverswan_ReCOSIATECBB,4,19,0.2021,0.3260,0.2495,2.3451,718,0.2272
ReCOSIATECBB,mzrt_sonata04-2_ReCOSIATECBB,9,51,0.1698,0.5510,0.2595,4.6882,205457,0.2433
ReCOSIATECBB-RRT,bach_wtc2f20_ReCOSIATECBB-RRT,3,40,0.1016,0.4920,0.1684,2.9715,48147,0.1029
ReCOSIATECBB-RRT,beet_sonata01-3_ReCOSIATECBB-RRT,7,42,0.1760,0.4891,0.2588,4.1013,327384,0.1313
ReCOSIATECBB-RRT,chop_mazurka24-4_ReCOSIATECBB-RRT,3,63,0.0736,0.3961,0.1241,3.9299,1212084,0.1434
ReCOSIATECBB-RRT,gbns_silverswan_ReCOSIATECBB-RRT,4,19,0.2021,0.3260,0.2495,2.3451,9259,0.2272
ReCOSIATECBB-RRT,mzrt_sonata04-2_ReCOSIATECBB-RRT,9,55,0.1754,0.5574,0.2668,4.7912,503880,0.2465
ReCOSIATECSegment,bach_wtc2f20_ReCOSIATECSegment,3,35,0.1094,0.4210,0.1736,2.7175,14760,0.2517
ReCOSIATECSegment,beet_sonata01-3_ReCOSIATECSegment,7,46,0.3658,0.8380,0.5093,4.1793,71370,0.1124
ReCOSIATECSegment,chop_mazurka24-4_ReCOSIATECSegment,3,65,0.1890,0.8001,0.3058,4.0448,305269,0.1419
ReCOSIATECSegment,gbns_silverswan_ReCOSIATECSegment,4,19,0.3883,0.3437,0.3646,2.3451,778,0.3815
ReCOSIATECSegment,mzrt_sonata04-2_ReCOSIATECSegment,9,51,0.2928,0.6925,0.4116,4.6882,202613,0.3685
ReCOSIATECSegment-RRT,bach_wtc2f20_ReCOSIATECSegment-RRT,3,40,0.0940,0.3417,0.1474,2.9715,47966,0.1000
ReCOSIATECSegment-RRT,beet_sonata01-3_ReCOSIATECSegment-RRT,7,42,0.3628,0.7594,0.4910,4.1013,318927,0.2717
ReCOSIATECSegment-RRT,chop_mazurka24-4_ReCOSIATECSegment-RRT,3,63,0.2241,0.6793,0.3370,3.9299,1178426,0.2986
ReCOSIATECSegment-RRT,gbns_silverswan_ReCOSIATECSegment-RRT,4,19,0.3883,0.3437,0.3646,2.3451,9113,0.3815
ReCOSIATECSegment-RRT,mzrt_sonata04-2_ReCOSIATECSegment-RRT,9,55,0.2954,0.6953,0.4147,4.7912,493082,0.3534
ReForth,bach_wtc2f20_ReForth,3,10,0.1287,0.2157,0.1612,1.2327,6690,0.1965
ReForth,beet_sonata01-3_ReForth,7,38,0.1399,0.4938,0.2180,0.8427,36583,0.2662
ReForth,chop_mazurka24-4_ReForth,3,45,0.0711,0.3354,0.1173,1.1382,175313,0.1954
ReForth,gbns_silverswan_ReForth,4,8,0.2121,0.3154,0.2536,1.1978,593,0.2534
ReForth,mzrt_sonata04-2_ReForth,9,40,0.1463,0.3996,0.2142,1.6376,91727,0.3720
ReForth-RRT,bach_wtc2f20_ReForth-RRT,3,8,0.1276,0.1692,0.1455,1.1585,6729,0.1417
ReForth-RRT,beet_sonata01-3_ReForth-RRT,7,32,0.1348,0.4287,0.2051,0.9891,38219,0.2651
ReForth-RRT,chop_mazurka24-4_ReForth-RRT,3,44,0.0679,0.3338,0.1129,1.2271,176487,0.1758
ReForth-RRT,gbns_silverswan_ReForth-RRT,4,8,0.2121,0.3154,0.2536,1.1978,640,0.2534
ReForth-RRT,mzrt_sonata04-2_ReForth-RRT,9,41,0.1412,0.4001,0.2087,1.5475,93590,0.3720
ReForthBB,bach_wtc2f20_ReForthBB,3,10,0.1312,0.2148,0.1629,1.2327,6723,0.1959
ReForthBB,beet_sonata01-3_ReForthBB,7,38,0.2668,0.6555,0.3792,0.8427,36913,0.2593
ReForthBB,chop_mazurka24-4_ReForthBB,3,45,0.1812,0.4689,0.2614,1.1382,172973,0.2729
ReForthBB,gbns_silverswan_ReForthBB,4,8,0.2195,0.2552,0.2360,1.1978,595,0.2110
ReForthBB,mzrt_sonata04-2_ReForthBB,9,40,0.2470,0.5444,0.3398,1.6376,92062,0.4063
ReForthBB-RRT,bach_wtc2f20_ReForthBB-RRT,3,8,0.1530,0.1816,0.1661,1.1585,6748,0.1711
ReForthBB-RRT,beet_sonata01-3_ReForthBB-RRT,7,32,0.2525,0.6627,0.3656,0.9891,37873,0.2571
ReForthBB-RRT,chop_mazurka24-4_ReForthBB-RRT,3,44,0.1767,0.4767,0.2578,1.2271,177449,0.2359
ReForthBB-RRT,gbns_silverswan_ReForthBB-RRT,4,8,0.2195,0.2552,0.2360,1.1978,628,0.2110
ReForthBB-RRT,mzrt_sonata04-2_ReForthBB-RRT,9,41,0.2401,0.5444,0.3332,1.5475,93739,0.4063
ReForthCT,bach_wtc2f20_ReForthCT,3,15,0.2217,0.5468,0.3155,1.6281,474,0.2296
ReForthCT,beet_sonata01-3_ReForthCT,7,33,0.2744,0.7314,0.3991,2.3882,2895,0.2788
ReForthCT,chop_mazurka24-4_ReForthCT,3,39,0.1174,0.4843,0.1890,1.9195,6135,0.2874
ReForthCT,gbns_silverswan_ReForthCT,4,7,0.2698,0.3362,0.2994,1.7713,80,0.3390
ReForthCT,mzrt_sonata04-2_ReForthCT,9,31,0.2707,0.6725,0.3860,3.1767,3539,0.2158
ReForthCT-RRT,bach_wtc2f20_ReForthCT-RRT,3,12,0.2581,0.6066,0.3621,1.7873,460,0.3940
ReForthCT-RRT,beet_sonata01-3_ReForthCT-RRT,7,24,0.2305,0.5804,0.3300,3.1260,2928,0.2869
ReForthCT-RRT,chop_mazurka24-4_ReForthCT-RRT,3,39,0.1174,0.4843,0.1890,1.9320,6151,0.2874
ReForthCT-RRT,gbns_silverswan_ReForthCT-RRT,4,7,0.2698,0.3362,0.2994,1.7713,87,0.3390
ReForthCT-RRT,mzrt_sonata04-2_ReForthCT-RRT,9,30,0.2655,0.6725,0.3807,3.2537,3505,0.2077
ReForthCTBB,bach_wtc2f20_ReForthCTBB,3,15,0.2226,0.5200,0.3118,1.6281,465,0.2269
ReForthCTBB,beet_sonata01-3_ReForthCTBB,7,33,0.3687,0.8431,0.5130,2.3882,2906,0.2859
ReForthCTBB,chop_mazurka24-4_ReForthCTBB,3,39,0.2018,0.7356,0.3167,1.9195,6135,0.3799
ReForthCTBB,gbns_silverswan_ReForthCTBB,4,7,0.2927,0.3228,0.3070,1.7713,81,0.3810
ReForthCTBB,mzrt_sonata04-2_ReForthCTBB,9,31,0.3435,0.7238,0.4659,3.1767,3527,0.2547
ReForthCTBB-RRT,bach_wtc2f20_ReForthCTBB-RRT,3,12,0.2586,0.6003,0.3614,1.7873,469,0.3794
ReForthCTBB-RRT,beet_sonata01-3_ReForthCTBB-RRT,7,24,0.3401,0.7422,0.4665,3.1260,2927,0.2940
ReForthCTBB-RRT,chop_mazurka24-4_ReForthCTBB-RRT,3,39,0.2019,0.7356,0.3169,1.9320,6188,0.3799
ReForthCTBB-RRT,gbns_silverswan_ReForthCTBB-RRT,4,7,0.2927,0.3228,0.3070,1.7713,81,0.3810
ReForthCTBB-RRT,mzrt_sonata04-2_ReForthCTBB-RRT,9,30,0.3370,0.7238,0.4599,3.2537,3566,0.2419
ReForthCTSegment,bach_wtc2f20_ReForthCTSegment,3,15,0.1886,0.3867,0.2536,1.6281,463,0.2152
ReForthCTSegment,beet_sonata01-3_ReForthCTSegment,7,33,0.3923,0.8422,0.5353,2.3882,2895,0.3074
ReForthCTSegment,chop_mazurka24-4_ReForthCTSegment,3,39,0.2188,0.7543,0.3392,1.9195,6085,0.3947
ReForthCTSegment,gbns_silverswan_ReForthCTSegment,4,7,0.2969,0.3258,0.3106,1.7713,86,0.3850
ReForthCTSegment,mzrt_sonata04-2_ReForthCTSegment,9,31,0.3554,0.7374,0.4796,3.1767,3551,0.2618
ReForthCTSegment-RRT,bach_wtc2f20_ReForthCTSegment-RRT,3,12,0.2026,0.4418,0.2778,1.7873,464,0.2979
ReForthCTSegment-RRT,beet_sonata01-3_ReForthCTSegment-RRT,7,24,0.3494,0.7411,0.4749,3.1260,2956,0.3180
ReForthCTSegment-RRT,chop_mazurka24-4_ReForthCTSegment-RRT,3,39,0.2190,0.7543,0.3395,1.9320,6197,0.3947
ReForthCTSegment-RRT,gbns_silverswan_ReForthCTSegment-RRT,4,7,0.2969,0.3258,0.3106,1.7713,86,0.3850
ReForthCTSegment-RRT,mzrt_sonata04-2_ReForthCTSegment-RRT,9,30,0.3515,0.7374,0.4761,3.2537,3576,0.2534
ReForthR,bach_wtc2f20_ReForthR,3,15,0.1780,0.4323,0.2522,2.0826,5745,0.2709
ReForthR,beet_sonata01-3_ReForthR,7,34,0.1568,0.4122,0.2272,1.3906,34400,0.2530
ReForthR,chop_mazurka24-4_ReForthR,3,45,0.0713,0.3101,0.1159,1.1898,63729,0.1954
ReForthR,gbns_silverswan_ReForthR,4,10,0.1898,0.3209,0.2385,1.1327,570,0.2541
ReForthR,mzrt_sonata04-2_ReForthR,9,41,0.1705,0.4159,0.2418,1.6089,46820,0.3720
ReForthR-RRT,bach_wtc2f20_ReForthR-RRT,3,14,0.1955,0.4323,0.2693,2.1066,5847,0.2888
ReForthR-RRT,beet_sonata01-3_ReForthR-RRT,7,32,0.1447,0.4028,0.2129,1.1276,35373,0.0607
ReForthR-RRT,chop_mazurka24-4_ReForthR-RRT,3,42,0.0755,0.3155,0.1218,1.2440,66755,0.1758
ReForthR-RRT,gbns_silverswan_ReForthR-RRT,4,10,0.1898,0.3209,0.2385,1.1327,561,0.2541
ReForthR-RRT,mzrt_sonata04-2_ReForthR-RRT,9,41,0.1674,0.4148,0.2385,1.6284,47749,0.3720
ReForthRBB,bach_wtc2f20_ReForthRBB,3,15,0.1718,0.4018,0.2407,2.0826,5654,0.2533
ReForthRBB,beet_sonata01-3_ReForthRBB,7,34,0.3495,0.8120,0.4887,1.3906,34287,0.2814
ReForthRBB,chop_mazurka24-4_ReForthRBB,3,45,0.1998,0.4725,0.2808,1.1898,63133,0.2729
ReForthRBB,gbns_silverswan_ReForthRBB,4,10,0.1922,0.2529,0.2184,1.1327,511,0.2114
ReForthRBB,mzrt_sonata04-2_ReForthRBB,9,41,0.2829,0.5360,0.3703,1.6089,46571,0.4063
ReForthRBB-RRT,bach_wtc2f20_ReForthRBB-RRT,3,14,0.1888,0.4018,0.2569,2.1066,5759,0.2712
ReForthRBB-RRT,beet_sonata01-3_ReForthRBB-RRT,7,32,0.2810,0.6688,0.3957,1.1276,35657,0.0844
ReForthRBB-RRT,chop_mazurka24-4_ReForthRBB-RRT,3,42,0.2052,0.4725,0.2861,1.2440,66913,0.2359
ReForthRBB-RRT,gbns_silverswan_ReForthRBB-RRT,4,10,0.1922,0.2529,0.2184,1.1327,567,0.2114
ReForthRBB-RRT,mzrt_sonata04-2_ReForthRBB-RRT,9,41,0.2552,0.5149,0.3413,1.6284,47952,0.4063
ReForthRCT,bach_wtc2f20_ReForthRCT,3,15,0.2217,0.5468,0.3155,1.6281,2342,0.2296
ReForthRCT,beet_sonata01-3_ReForthRCT,7,33,0.2744,0.7314,0.3991,2.3882,11712,0.2788
ReForthRCT,chop_mazurka24-4_ReForthRCT,3,39,0.1174,0.4843,0.1890,1.9195,18682,0.2874
ReForthRCT,gbns_silverswan_ReForthRCT,4,7,0.2698,0.3362,0.2994,1.7713,242,0.3390
ReForthRCT,mzrt_sonata04-2_ReForthRCT,9,31,0.2707,0.6725,0.3860,3.1767,14279,0.2158
ReForthRCT-RRT,bach_wtc2f20_ReForthRCT-RRT,3,12,0.2581,0.6066,0.3621,1.7873,2317,0.3940
ReForthRCT-RRT,beet_sonata01-3_ReForthRCT-RRT,7,24,0.2305,0.5804,0.3300,3.1260,11575,0.2869
ReForthRCT-RRT,chop_mazurka24-4_ReForthRCT-RRT,3,39,0.1174,0.4843,0.1890,1.9320,18749,0.2874
ReForthRCT-RRT,gbns_silverswan_ReForthRCT-RRT,4,7,0.2698,0.3362,0.2994,1.7713,246,0.3390
ReForthRCT-RRT,mzrt_sonata04-2_ReForthRCT-RRT,9,30,0.2655,0.6725,0.3807,3.2537,14394,0.2077
ReForthRCTBB,bach_wtc2f20_ReForthRCTBB,3,15,0.2226,0.5200,0.3118,1.6281,2330,0.2269
ReForthRCTBB,beet_sonata01-3_ReForthRCTBB,7,33,0.3687,0.8431,0.5130,2.3882,11452,0.2859
ReForthRCTBB,chop_mazurka24-4_ReForthRCTBB,3,39,0.2018,0.7356,0.3167,1.9195,18656,0.3799
ReForthRCTBB,gbns_silverswan_ReForthRCTBB,4,7,0.2927,0.3228,0.3070,1.7713,260,0.3810
ReForthRCTBB,mzrt_sonata04-2_ReForthRCTBB,9,31,0.3435,0.7238,0.4659,3.1767,14316,0.2547
ReForthRCTBB-RRT,bach_wtc2f20_ReForthRCTBB-RRT,3,12,0.2586,0.6003,0.3614,1.7873,2297,0.3794
ReForthRCTBB-RRT,beet_sonata01-3_ReForthRCTBB-RRT,7,24,0.3401,0.7422,0.4665,3.1260,11570,0.2940
ReForthRCTBB-RRT,chop_mazurka24-4_ReForthRCTBB-RRT,3,39,0.2019,0.7356,0.3169,1.9320,18874,0.3799
ReForthRCTBB-RRT,gbns_silverswan_ReForthRCTBB-RRT,4,7,0.2927,0.3228,0.3070,1.7713,240,0.3810
ReForthRCTBB-RRT,mzrt_sonata04-2_ReForthRCTBB-RRT,9,30,0.3370,0.7238,0.4599,3.2537,14420,0.2419
ReForthRCTSegment,bach_wtc2f20_ReForthRCTSegment,3,15,0.1886,0.3867,0.2536,1.6281,2374,0.2152
ReForthRCTSegment,beet_sonata01-3_ReForthRCTSegment,7,33,0.3923,0.8422,0.5353,2.3882,11582,0.3074
ReForthRCTSegment,chop_mazurka24-4_ReForthRCTSegment,3,39,0.2188,0.7543,0.3392,1.9195,18769,0.3947
ReForthRCTSegment,gbns_silverswan_ReForthRCTSegment,4,7,0.2969,0.3258,0.3106,1.7713,258,0.3850
ReForthRCTSegment,mzrt_sonata04-2_ReForthRCTSegment,9,31,0.3554,0.7374,0.4796,3.1767,14288,0.2618
ReForthRCTSegment-RRT,bach_wtc2f20_ReForthRCTSegment-RRT,3,12,0.2026,0.4418,0.2778,1.7873,2322,0.2979
ReForthRCTSegment-RRT,beet_sonata01-3_ReForthRCTSegment-RRT,7,24,0.3494,0.7411,0.4749,3.1260,11558,0.3180
ReForthRCTSegment-RRT,chop_mazurka24-4_ReForthRCTSegment-RRT,3,39,0.2190,0.7543,0.3395,1.9320,19063,0.3947
ReForthRCTSegment-RRT,gbns_silverswan_ReForthRCTSegment-RRT,4,7,0.2969,0.3258,0.3106,1.7713,256,0.3850
ReForthRCTSegment-RRT,mzrt_sonata04-2_ReForthRCTSegment-RRT,9,30,0.3515,0.7374,0.4761,3.2537,14277,0.2534
ReForthRSegment,bach_wtc2f20_ReForthRSegment,3,15,0.1547,0.3661,0.2175,2.0826,5701,0.1926
ReForthRSegment,beet_sonata01-3_ReForthRSegment,7,34,0.3932,0.8507,0.5378,1.3906,34701,0.3175
ReForthRSegment,chop_mazurka24-4_ReForthRSegment,3,45,0.2528,0.5146,0.3390,1.1898,63695,0.3046
ReForthRSegment,gbns_silverswan_ReForthRSegment,4,10,0.1984,0.2581,0.2243,1.1327,515,0.2115
ReForthRSegment,mzrt_sonata04-2_ReForthRSegment,9,41,0.3288,0.5865,0.4213,1.6089,46765,0.4651
ReForthRSegment-RRT,bach_wtc2f20_ReForthRSegment-RRT,3,14,0.1700,0.3661,0.2322,2.1066,5735,0.2093
ReForthRSegment-RRT,beet_sonata01-3_ReForthRSegment-RRT,7,32,0.3260,0.7080,0.4464,1.1276,35640,0.1316
ReForthRSegment-RRT,chop_mazurka24-4_ReForthRSegment-RRT,3,42,0.2558,0.5119,0.3412,1.2440,67311,0.2972
ReForthRSegment-RRT,gbns_silverswan_ReForthRSegment-RRT,4,10,0.1984,0.2581,0.2243,1.1327,561,0.2115
ReForthRSegment-RRT,mzrt_sonata04-2_ReForthRSegment-RRT,9,41,0.3010,0.5594,0.3914,1.6284,47679,0.4651
ReForthSegment,bach_wtc2f20_ReForthSegment,3,10,0.1308,0.2844,0.1792,1.2327,6712,0.1878
ReForthSegment,beet_sonata01-3_ReForthSegment,7,38,0.3096,0.6777,0.4250,0.8427,36348,0.2854
ReForthSegment,chop_mazurka24-4_ReForthSegment,3,45,0.2639,0.5695,0.3607,1.1382,171359,0.3046
ReForthSegment,gbns_silverswan_ReForthSegment,4,8,0.2206,0.2496,0.2342,1.1978,594,0.2179
ReForthSegment,mzrt_sonata04-2_ReForthSegment,9,40,0.3097,0.5924,0.4068,1.6376,92267,0.4651
ReForthSegment-RRT,bach_wtc2f20_ReForthSegment-RRT,3,8,0.1976,0.2909,0.2354,1.1585,6669,0.1816
ReForthSegment-RRT,beet_sonata01-3_ReForthSegment-RRT,7,32,0.2811,0.6700,0.3961,0.9891,38170,0.2830
ReForthSegment-RRT,chop_mazurka24-4_ReForthSegment-RRT,3,44,0.2479,0.5478,0.3414,1.2271,176662,0.2972
ReForthSegment-RRT,gbns_silverswan_ReForthSegment-RRT,4,8,0.2206,0.2496,0.2342,1.1978,648,0.2179
ReForthSegment-RRT,mzrt_sonata04-2_ReForthSegment-RRT,9,41,0.2966,0.5957,0.3960,1.5475,92762,0.4651
ReSIACTTECCompress,bach_wtc2f20_ReSIACTTECCompress,3,60,0.1057,0.7679,0.1859,1.7322,553,0.1945
ReSIACTTECCompress,beet_sonata01-3_ReSIACTTECCompress,7,71,0.0961,0.3566,0.1514,2.7125,3289,0.0988
ReSIACTTECCompress,chop_mazurka24-4_ReSIACTTECCompress,3,74,0.0470,0.2098,0.0768,1.9990,6469,0.1414
ReSIACTTECCompress,gbns_silverswan_ReSIACTTECCompress,4,20,0.1457,0.2817,0.1921,1.5275,97,0.1922
ReSIACTTECCompress,mzrt_sonata04-2_ReSIACTTECCompress,9,85,0.1231,0.5178,0.1990,2.8312,3654,0.2275
ReSIACTTECCompress-RRT,bach_wtc2f20_ReSIACTTECCompress-RRT,3,53,0.0999,0.7199,0.1754,1.8184,562,0.2002
ReSIACTTECCompress-RRT,beet_sonata01-3_ReSIACTTECCompress-RRT,7,65,0.0987,0.3554,0.1545,2.8748,3108,0.1173
ReSIACTTECCompress-RRT,chop_mazurka24-4_ReSIACTTECCompress-RRT,3,74,0.0470,0.2098,0.0768,2.0010,6230,0.1414
ReSIACTTECCompress-RRT,gbns_silverswan_ReSIACTTECCompress-RRT,4,20,0.1414,0.2668,0.1849,1.5346,90,0.1922
ReSIACTTECCompress-RRT,mzrt_sonata04-2_ReSIACTTECCompress-RRT,9,85,0.1224,0.5178,0.1980,2.8874,3652,0.2275
ReSIACTTECCompressBB,bach_wtc2f20_ReSIACTTECCompressBB,3,60,0.1050,0.7378,0.1838,1.7322,557,0.1917
ReSIACTTECCompressBB,beet_sonata01-3_ReSIACTTECCompressBB,7,71,0.1552,0.7694,0.2583,2.7125,3639,0.1078
ReSIACTTECCompressBB,chop_mazurka24-4_ReSIACTTECCompressBB,3,74,0.0972,0.5600,0.1657,1.9990,6683,0.1794
ReSIACTTECCompressBB,gbns_silverswan_ReSIACTTECCompressBB,4,20,0.2112,0.4411,0.2857,1.5275,107,0.2035
ReSIACTTECCompressBB,mzrt_sonata04-2_ReSIACTTECCompressBB,9,85,0.1701,0.6588,0.2704,2.8312,3643,0.2377
ReSIACTTECCompressBB-RRT,bach_wtc2f20_ReSIACTTECCompressBB-RRT,3,53,0.0994,0.6984,0.1741,1.8184,540,0.2008
ReSIACTTECCompressBB-RRT,beet_sonata01-3_ReSIACTTECCompressBB-RRT,7,65,0.1659,0.7694,0.2730,2.8748,3108,0.1423
ReSIACTTECCompressBB-RRT,chop_mazurka24-4_ReSIACTTECCompressBB-RRT,3,74,0.0972,0.5600,0.1657,2.0010,6215,0.1794
ReSIACTTECCompressBB-RRT,gbns_silverswan_ReSIACTTECCompressBB-RRT,4,20,0.2114,0.4591,0.2895,1.5346,87,0.2035
ReSIACTTECCompressBB-RRT,mzrt_sonata04-2_ReSIACTTECCompressBB-RRT,9,85,0.1695,0.6588,0.2697,2.8874,3661,0.2377
ReSIACTTECCompressSegment,bach_wtc2f20_ReSIACTTECCompressSegment,3,60,0.0903,0.4741,0.1517,1.7322,543,0.1658
ReSIACTTECCompressSegment,beet_sonata01-3_ReSIACTTECCompressSegment,7,71,0.1747,0.7790,0.2854,2.7125,3047,0.1411
ReSIACTTECCompressSegment,chop_mazurka24-4_ReSIACTTECCompressSegment,3,74,0.1231,0.7414,0.2111,1.9990,6314,0.2007
ReSIACTTECCompressSegment,gbns_silverswan_ReSIACTTECCompressSegment,4,20,0.2083,0.4109,0.2765,1.5275,80,0.1896
ReSIACTTECCompressSegment,mzrt_sonata04-2_ReSIACTTECCompressSegment,9,85,0.2012,0.7028,0.3129,2.8312,3635,0.2482
ReSIACTTECCompressSegment-RRT,bach_wtc2f20_ReSIACTTECCompressSegment-RRT,3,53,0.0851,0.4360,0.1424,1.8184,565,0.1718
ReSIACTTECCompressSegment-RRT,beet_sonata01-3_ReSIACTTECCompressSegment-RRT,7,65,0.1851,0.7790,0.2991,2.8748,3099,0.1972
ReSIACTTECCompressSegment-RRT,chop_mazurka24-4_ReSIACTTECCompressSegment-RRT,3,74,0.1231,0.7414,0.2112,2.0010,6251,0.2007
ReSIACTTECCompressSegment-RRT,gbns_silverswan_ReSIACTTECCompressSegment-RRT,4,20,0.2094,0.4259,0.2807,1.5346,84,0.1896
ReSIACTTECCompressSegment-RRT,mzrt_sonata04-2_ReSIACTTECCompressSegment-RRT,9,85,0.2025,0.7028,0.3144,2.8874,3639,0.2482
ReSIARCTTECCompress,bach_wtc2f20_ReSIARCTTECCompress,3,60,0.1057,0.7679,0.1859,1.7322,2418,0.1945
ReSIARCTTECCompress,beet_sonata01-3_ReSIARCTTECCompress,7,71,0.0961,0.3566,0.1514,2.7125,12367,0.0988
ReSIARCTTECCompress,chop_mazurka24-4_ReSIARCTTECCompress,3,74,0.0470,0.2098,0.0768,1.9990,19430,0.1414
ReSIARCTTECCompress,gbns_silverswan_ReSIARCTTECCompress,4,20,0.1457,0.2817,0.1921,1.5275,337,0.1922
ReSIARCTTECCompress,mzrt_sonata04-2_ReSIARCTTECCompress,9,85,0.1231,0.5178,0.1990,2.8312,15390,0.2275
ReSIARCTTECCompress-RRT,bach_wtc2f20_ReSIARCTTECCompress-RRT,3,53,0.0999,0.7199,0.1754,1.8184,2429,0.2002
ReSIARCTTECCompress-RRT,beet_sonata01-3_ReSIARCTTECCompress-RRT,7,65,0.0987,0.3554,0.1545,2.8748,11843,0.1173
ReSIARCTTECCompress-RRT,chop_mazurka24-4_ReSIARCTTECCompress-RRT,3,74,0.0470,0.2098,0.0768,2.0010,19313,0.1414
ReSIARCTTECCompress-RRT,gbns_silverswan_ReSIARCTTECCompress-RRT,4,20,0.1414,0.2668,0.1849,1.5346,231,0.1922
ReSIARCTTECCompress-RRT,mzrt_sonata04-2_ReSIARCTTECCompress-RRT,9,85,0.1224,0.5178,0.1980,2.8874,14557,0.2275
ReSIARCTTECCompressBB,bach_wtc2f20_ReSIARCTTECCompressBB,3,60,0.1050,0.7378,0.1838,1.7322,2702,0.1917
ReSIARCTTECCompressBB,beet_sonata01-3_ReSIARCTTECCompressBB,7,71,0.1552,0.7694,0.2583,2.7125,11887,0.1078
ReSIARCTTECCompressBB,chop_mazurka24-4_ReSIARCTTECCompressBB,3,74,0.0972,0.5600,0.1657,1.9990,21374,0.1794
ReSIARCTTECCompressBB,gbns_silverswan_ReSIARCTTECCompressBB,4,20,0.2112,0.4411,0.2857,1.5275,236,0.2035
ReSIARCTTECCompressBB,mzrt_sonata04-2_ReSIARCTTECCompressBB,9,85,0.1701,0.6588,0.2704,2.8312,15365,0.2377
ReSIARCTTECCompressBB-RRT,bach_wtc2f20_ReSIARCTTECCompressBB-RRT,3,53,0.0994,0.6984,0.1741,1.8184,2422,0.2008
ReSIARCTTECCompressBB-RRT,beet_sonata01-3_ReSIARCTTECCompressBB-RRT,7,65,0.1659,0.7694,0.2730,2.8748,11730,0.1423
ReSIARCTTECCompressBB-RRT,chop_mazurka24-4_ReSIARCTTECCompressBB-RRT,3,74,0.0972,0.5600,0.1657,2.0010,19067,0.1794
ReSIARCTTECCompressBB-RRT,gbns_silverswan_ReSIARCTTECCompressBB-RRT,4,20,0.2114,0.4591,0.2895,1.5346,248,0.2035
ReSIARCTTECCompressBB-RRT,mzrt_sonata04-2_ReSIARCTTECCompressBB-RRT,9,85,0.1695,0.6588,0.2697,2.8874,14549,0.2377
ReSIARCTTECCompressSegment,bach_wtc2f20_ReSIARCTTECCompressSegment,3,60,0.0903,0.4741,0.1517,1.7322,2664,0.1658
ReSIARCTTECCompressSegment,beet_sonata01-3_ReSIARCTTECCompressSegment,7,71,0.1747,0.7790,0.2854,2.7125,12290,0.1411
ReSIARCTTECCompressSegment,chop_mazurka24-4_ReSIARCTTECCompressSegment,3,74,0.1231,0.7414,0.2111,1.9990,22239,0.2007
ReSIARCTTECCompressSegment,gbns_silverswan_ReSIARCTTECCompressSegment,4,20,0.2083,0.4109,0.2765,1.5275,276,0.1896
ReSIARCTTECCompressSegment,mzrt_sonata04-2_ReSIARCTTECCompressSegment,9,85,0.2012,0.7028,0.3129,2.8312,15933,0.2482
ReSIARCTTECCompressSegment-RRT,bach_wtc2f20_ReSIARCTTECCompressSegment-RRT,3,53,0.0851,0.4360,0.1424,1.8184,2419,0.1718
ReSIARCTTECCompressSegment-RRT,beet_sonata01-3_ReSIARCTTECCompressSegment-RRT,7,65,0.1851,0.7790,0.2991,2.8748,11661,0.1972
ReSIARCTTECCompressSegment-RRT,chop_mazurka24-4_ReSIARCTTECCompressSegment-RRT,3,74,0.1231,0.7414,0.2112,2.0010,19189,0.2007
ReSIARCTTECCompressSegment-RRT,gbns_silverswan_ReSIARCTTECCompressSegment-RRT,4,20,0.2094,0.4259,0.2807,1.5346,237,0.1896
ReSIARCTTECCompressSegment-RRT,mzrt_sonata04-2_ReSIARCTTECCompressSegment-RRT,9,85,0.2025,0.7028,0.3144,2.8874,14671,0.2482
ReSIARTECCompress,bach_wtc2f20_ReSIARTECCompress,3,86,0.0686,0.4401,0.1187,1.8367,7825,0.1955
ReSIARTECCompress,beet_sonata01-3_ReSIARTECCompress,7,127,0.0669,0.2369,0.1043,2.0317,59721,0.0513
ReSIARTECCompress,chop_mazurka24-4_ReSIARTECCompress,3,141,0.0250,0.1660,0.0435,1.7857,122102,0.0848
ReSIARTECCompress,gbns_silverswan_ReSIARTECCompress,4,31,0.1317,0.2853,0.1802,1.5136,737,0.0683
ReSIARTECCompress,mzrt_sonata04-2_ReSIARTECCompress,9,178,0.0689,0.2991,0.1120,1.7616,76316,0.2408
ReSIARTECCompress-RRT,bach_wtc2f20_ReSIARTECCompress-RRT,3,59,0.0983,0.4629,0.1622,1.9704,7386,0.1689
ReSIARTECCompress-RRT,beet_sonata01-3_ReSIARTECCompress-RRT,7,118,0.0702,0.2366,0.1083,2.1421,59466,0.0480
ReSIARTECCompress-RRT,chop_mazurka24-4_ReSIARTECCompress-RRT,3,150,0.0255,0.1681,0.0442,1.8643,120931,0.0848
ReSIARTECCompress-RRT,gbns_silverswan_ReSIARTECCompress-RRT,4,31,0.1317,0.2853,0.1802,1.5136,774,0.0683
ReSIARTECCompress-RRT,mzrt_sonata04-2_ReSIARTECCompress-RRT,9,156,0.0719,0.2932,0.1155,1.8339,71577,0.2418
ReSIARTECCompressBB,bach_wtc2f20_ReSIARTECCompressBB,3,86,0.0951,0.4201,0.1551,1.8367,7733,0.2011
ReSIARTECCompressBB,beet_sonata01-3_ReSIARTECCompressBB,7,127,0.2091,0.6018,0.3104,2.0317,62056,0.0513
ReSIARTECCompressBB,chop_mazurka24-4_ReSIARTECCompressBB,3,141,0.1376,0.6554,0.2274,1.7857,123613,0.2062
ReSIARTECCompressBB,gbns_silverswan_ReSIARTECCompressBB,4,31,0.2585,0.4799,0.3360,1.5136,744,0.1433
ReSIARTECCompressBB,mzrt_sonata04-2_ReSIARTECCompressBB,9,178,0.1979,0.5376,0.2893,1.7616,74630,0.2693
ReSIARTECCompressBB-RRT,bach_wtc2f20_ReSIARTECCompressBB-RRT,3,59,0.1209,0.4615,0.1916,1.9704,7409,0.1798
ReSIARTECCompressBB-RRT,beet_sonata01-3_ReSIARTECCompressBB-RRT,7,118,0.2365,0.6029,0.3397,2.1421,59988,0.1113
ReSIARTECCompressBB-RRT,chop_mazurka24-4_ReSIARTECCompressBB-RRT,3,150,0.1413,0.6896,0.2346,1.8643,120380,0.2062
ReSIARTECCompressBB-RRT,gbns_silverswan_ReSIARTECCompressBB-RRT,4,31,0.2585,0.4799,0.3360,1.5136,763,0.1433
ReSIARTECCompressBB-RRT,mzrt_sonata04-2_ReSIARTECCompressBB-RRT,9,156,0.2145,0.5494,0.3086,1.8339,70674,0.2726
ReSIARTECCompressSegment,bach_wtc2f20_ReSIARTECCompressSegment,3,86,0.1053,0.3423,0.1610,1.8367,8028,0.1881
ReSIARTECCompressSegment,beet_sonata01-3_ReSIARTECCompressSegment,7,127,0.3416,0.7375,0.4669,2.0317,64286,0.0749
ReSIARTECCompressSegment,chop_mazurka24-4_ReSIARTECCompressSegment,3,141,0.2676,0.8534,0.4074,1.7857,135497,0.3180
ReSIARTECCompressSegment,gbns_silverswan_ReSIARTECCompressSegment,4,31,0.3153,0.4139,0.3579,1.5136,737,0.2233
ReSIARTECCompressSegment,mzrt_sonata04-2_ReSIARTECCompressSegment,9,178,0.3271,0.6540,0.4361,1.7616,73741,0.3973
ReSIARTECCompressSegment-RRT,bach_wtc2f20_ReSIARTECCompressSegment-RRT,3,59,0.1373,0.3674,0.1999,1.9704,7386,0.1667
ReSIARTECCompressSegment-RRT,beet_sonata01-3_ReSIARTECCompressSegment-RRT,7,118,0.3625,0.7982,0.4986,2.1421,60142,0.2610
ReSIARTECCompressSegment-RRT,chop_mazurka24-4_ReSIARTECCompressSegment-RRT,3,150,0.2752,0.8641,0.4175,1.8643,115678,0.3180
ReSIARTECCompressSegment-RRT,gbns_silverswan_ReSIARTECCompressSegment-RRT,4,31,0.3153,0.4139,0.3579,1.5136,770,0.2233
ReSIARTECCompressSegment-RRT,mzrt_sonata04-2_ReSIARTECCompressSegment-RRT,9,156,0.3518,0.6430,0.4548,1.8339,70711,0.3822
ReSIATECCompress,bach_wtc2f20_ReSIATECCompress,3,50,0.1054,0.4266,0.1690,1.9136,8652,0.2368
ReSIATECCompress,beet_sonata01-3_ReSIATECCompress,7,119,0.0626,0.2420,0.0994,2.0290,61192,0.0727
ReSIATECCompress,chop_mazurka24-4_ReSIATECCompress,3,147,0.0283,0.2206,0.0502,1.8527,201495,0.1461
ReSIATECCompress,gbns_silverswan_ReSIATECCompress,4,33,0.0998,0.2691,0.1456,1.5417,791,0.1241
ReSIATECCompress,mzrt_sonata04-2_ReSIATECCompress,9,98,0.0915,0.3476,0.1449,2.6464,113008,0.1681
ReSIATECCompress-RRT,bach_wtc2f20_ReSIATECCompress-RRT,3,50,0.1074,0.5126,0.1776,1.9864,9231,0.1689
ReSIATECCompress-RRT,beet_sonata01-3_ReSIATECCompress-RRT,7,91,0.0694,0.2323,0.1069,2.2003,67147,0.0480
ReSIATECCompress-RRT,chop_mazurka24-4_ReSIATECCompress-RRT,3,135,0.0275,0.2062,0.0485,1.8012,223964,0.1461
ReSIATECCompress-RRT,gbns_silverswan_ReSIATECCompress-RRT,4,33,0.0998,0.2691,0.1456,1.5417,896,0.1241
ReSIATECCompress-RRT,mzrt_sonata04-2_ReSIATECCompress-RRT,9,105,0.0825,0.3502,0.1335,2.6505,122395,0.1691
ReSIATECCompressBB,bach_wtc2f20_ReSIATECCompressBB,3,50,0.1466,0.4517,0.2214,1.9136,9215,0.2424
ReSIATECCompressBB,beet_sonata01-3_ReSIATECCompressBB,7,119,0.2210,0.6164,0.3253,2.0290,64749,0.0922
ReSIATECCompressBB,chop_mazurka24-4_ReSIATECCompressBB,3,147,0.1096,0.5695,0.1839,1.8527,204141,0.2121
ReSIATECCompressBB,gbns_silverswan_ReSIATECCompressBB,4,33,0.2165,0.3586,0.2700,1.5417,811,0.2769
ReSIATECCompressBB,mzrt_sonata04-2_ReSIATECCompressBB,9,98,0.2328,0.5777,0.3318,2.6464,123889,0.2433
ReSIATECCompressBB-RRT,bach_wtc2f20_ReSIATECCompressBB-RRT,3,50,0.1339,0.4763,0.2090,1.9864,9062,0.1798
ReSIATECCompressBB-RRT,beet_sonata01-3_ReSIATECCompressBB-RRT,7,91,0.2192,0.5852,0.3189,2.2003,67105,0.1113
ReSIATECCompressBB-RRT,chop_mazurka24-4_ReSIATECCompressBB-RRT,3,135,0.1158,0.5842,0.1932,1.8012,216182,0.2121
ReSIATECCompressBB-RRT,gbns_silverswan_ReSIATECCompressBB-RRT,4,33,0.2165,0.3586,0.2700,1.5417,883,0.2769
ReSIATECCompressBB-RRT,mzrt_sonata04-2_ReSIATECCompressBB-RRT,9,105,0.2125,0.5685,0.3094,2.6505,117152,0.2465
ReSIATECCompressSegment,bach_wtc2f20_ReSIATECCompressSegment,3,50,0.1753,0.4289,0.2489,1.9136,8670,0.2248
ReSIATECCompressSegment,beet_sonata01-3_ReSIATECCompressSegment,7,119,0.3718,0.7872,0.5051,2.0290,60636,0.1124
ReSIATECCompressSegment,chop_mazurka24-4_ReSIATECCompressSegment,3,147,0.2333,0.8821,0.3690,1.8527,201075,0.2407
ReSIATECCompressSegment,gbns_silverswan_ReSIATECCompressSegment,4,33,0.3427,0.3693,0.3555,1.5417,795,0.3638
ReSIATECCompressSegment,mzrt_sonata04-2_ReSIATECCompressSegment,9,98,0.3303,0.6454,0.4370,2.6464,114261,0.3685
ReSIATECCompressSegment-RRT,bach_wtc2f20_ReSIATECCompressSegment-RRT,3,50,0.1526,0.4289,0.2251,1.9864,9260,0.1667
ReSIATECCompressSegment-RRT,beet_sonata01-3_ReSIATECCompressSegment-RRT,7,91,0.3611,0.7541,0.4883,2.2003,63868,0.2610
ReSIATECCompressSegment-RRT,chop_mazurka24-4_ReSIATECCompressSegment-RRT,3,135,0.2399,0.8614,0.3753,1.8012,217046,0.2407
ReSIATECCompressSegment-RRT,gbns_silverswan_ReSIATECCompressSegment-RRT,4,33,0.3427,0.3693,0.3555,1.5417,916,0.3638
ReSIATECCompressSegment-RRT,mzrt_sonata04-2_ReSIATECCompressSegment-RRT,9,105,0.3169,0.6534,0.4268,2.6505,119610,0.3534
SIACTTECCompress,bach_wtc2f20_SIACTTECCompress,3,27,0.1798,0.6501,0.2817,1.6208,463,0.4949
SIACTTECCompress,beet_sonata01-3_SIACTTECCompress,7,35,0.1400,0.3349,0.1974,2.3409,2651,0.1907
SIACTTECCompress,chop_mazurka24-4_SIACTTECCompress,3,45,0.0674,0.2098,0.1020,1.9002,5366,0.2404
SIACTTECCompress,gbns_silverswan_SIACTTECCompress,4,18,0.1469,0.2725,0.1909,1.4605,134,0.1922
SIACTTECCompress,mzrt_sonata04-2_SIACTTECCompress,9,35,0.2239,0.5178,0.3126,2.3793,3154,0.5225
SIACTTECCompress-RRT,bach_wtc2f20_SIACTTECCompress-RRT,3,27,0.1530,0.6021,0.2439,1.6766,501,0.3405
SIACTTECCompress-RRT,beet_sonata01-3_SIACTTECCompress-RRT,7,34,0.1393,0.3341,0.1966,2.4413,2641,0.2038
SIACTTECCompress-RRT,chop_mazurka24-4_SIACTTECCompress-RRT,3,45,0.0674,0.2098,0.1020,1.9019,5284,0.2404
SIACTTECCompress-RRT,gbns_silverswan_SIACTTECCompress-RRT,4,18,0.1450,0.2576,0.1855,1.4605,113,0.1922
SIACTTECCompress-RRT,mzrt_sonata04-2_SIACTTECCompress-RRT,9,35,0.2239,0.5178,0.3126,2.3793,3138,0.5225
SIACTTECCompressBB,bach_wtc2f20_SIACTTECCompressBB,3,27,0.1760,0.6183,0.2741,1.6208,454,0.4901
SIACTTECCompressBB,beet_sonata01-3_SIACTTECCompressBB,7,35,0.1725,0.3940,0.2399,2.3409,2580,0.2231
SIACTTECCompressBB,chop_mazurka24-4_SIACTTECCompressBB,3,45,0.1076,0.3654,0.1663,1.9002,5188,0.3543
SIACTTECCompressBB,gbns_silverswan_SIACTTECCompressBB,4,18,0.1826,0.3575,0.2417,1.4605,84,0.2035
SIACTTECCompressBB,mzrt_sonata04-2_SIACTTECCompressBB,9,35,0.2617,0.5422,0.3530,2.3793,3184,0.5507
SIACTTECCompressBB-RRT,bach_wtc2f20_SIACTTECCompressBB-RRT,3,27,0.1512,0.5788,0.2398,1.6766,488,0.3477
SIACTTECCompressBB-RRT,beet_sonata01-3_SIACTTECCompressBB-RRT,7,34,0.1733,0.3916,0.2403,2.4413,2644,0.2462
SIACTTECCompressBB-RRT,chop_mazurka24-4_SIACTTECCompressBB-RRT,3,45,0.1077,0.3654,0.1663,1.9019,5295,0.3543
SIACTTECCompressBB-RRT,gbns_silverswan_SIACTTECCompressBB-RRT,4,18,0.1769,0.3497,0.2350,1.4605,70,0.2035
SIACTTECCompressBB-RRT,mzrt_sonata04-2_SIACTTECCompressBB-RRT,9,35,0.2617,0.5422,0.3530,2.3793,3256,0.5507
SIACTTECCompressSegment,bach_wtc2f20_SIACTTECCompressSegment,3,27,0.1544,0.4741,0.2330,1.6208,453,0.4288
SIACTTECCompressSegment,beet_sonata01-3_SIACTTECCompressSegment,7,35,0.1867,0.3994,0.2544,2.3409,2563,0.2496
SIACTTECCompressSegment,chop_mazurka24-4_SIACTTECCompressSegment,3,45,0.1435,0.5273,0.2255,1.9002,5185,0.3837
SIACTTECCompressSegment,gbns_silverswan_SIACTTECCompressSegment,4,18,0.1798,0.3267,0.2320,1.4605,74,0.1896
SIACTTECCompressSegment,mzrt_sonata04-2_SIACTTECCompressSegment,9,35,0.2840,0.5416,0.3727,2.3793,3234,0.5661
SIACTTECCompressSegment-RRT,bach_wtc2f20_SIACTTECCompressSegment-RRT,3,27,0.1332,0.4360,0.2041,1.6766,483,0.3090
SIACTTECCompressSegment-RRT,beet_sonata01-3_SIACTTECCompressSegment-RRT,7,34,0.1932,0.4125,0.2632,2.4413,2664,0.2740
SIACTTECCompressSegment-RRT,chop_mazurka24-4_SIACTTECCompressSegment-RRT,3,45,0.1435,0.5273,0.2256,1.9019,5368,0.3837
SIACTTECCompressSegment-RRT,gbns_silverswan_SIACTTECCompressSegment-RRT,4,18,0.1749,0.3147,0.2248,1.4605,82,0.1896
SIACTTECCompressSegment-RRT,mzrt_sonata04-2_SIACTTECCompressSegment-RRT,9,35,0.2840,0.5416,0.3727,2.3793,3207,0.5661
SIARCTTECCompress,bach_wtc2f20_SIARCTTECCompress,3,27,0.1798,0.6501,0.2817,1.6208,1902,0.4949
SIARCTTECCompress,beet_sonata01-3_SIARCTTECCompress,7,35,0.1400,0.3349,0.1974,2.3409,9285,0.1907
SIARCTTECCompress,chop_mazurka24-4_SIARCTTECCompress,3,45,0.0674,0.2098,0.1020,1.9002,14966,0.2404
SIARCTTECCompress,gbns_silverswan_SIARCTTECCompress,4,18,0.1469,0.2725,0.1909,1.4605,192,0.1922
SIARCTTECCompress,mzrt_sonata04-2_SIARCTTECCompress,9,35,0.2239,0.5178,0.3126,2.3793,11840,0.5225
SIARCTTECCompress-RRT,bach_wtc2f20_SIARCTTECCompress-RRT,3,27,0.1530,0.6021,0.2439,1.6766,1919,0.3405
SIARCTTECCompress-RRT,beet_sonata01-3_SIARCTTECCompress-RRT,7,34,0.1393,0.3341,0.1966,2.4413,9292,0.2038
SIARCTTECCompress-RRT,chop_mazurka24-4_SIARCTTECCompress-RRT,3,45,0.0674,0.2098,0.1020,1.9019,15064,0.2404
SIARCTTECCompress-RRT,gbns_silverswan_SIARCTTECCompress-RRT,4,18,0.1450,0.2576,0.1855,1.4605,215,0.1922
SIARCTTECCompress-RRT,mzrt_sonata04-2_SIARCTTECCompress-RRT,9,35,0.2239,0.5178,0.3126,2.3793,11647,0.5225
SIARCTTECCompressBB,bach_wtc2f20_SIARCTTECCompressBB,3,27,0.1760,0.6183,0.2741,1.6208,1911,0.4901
SIARCTTECCompressBB,beet_sonata01-3_SIARCTTECCompressBB,7,35,0.1725,0.3940,0.2399,2.3409,9125,0.2231
SIARCTTECCompressBB,chop_mazurka24-4_SIARCTTECCompressBB,3,45,0.1076,0.3654,0.1663,1.9002,14858,0.3543
SIARCTTECCompressBB,gbns_silverswan_SIARCTTECCompressBB,4,18,0.1826,0.3575,0.2417,1.4605,206,0.2035
SIARCTTECCompressBB,mzrt_sonata04-2_SIARCTTECCompressBB,9,35,0.2617,0.5422,0.3530,2.3793,11669,0.5507
SIARCTTECCompressBB-RRT,bach_wtc2f20_SIARCTTECCompressBB-RRT,3,27,0.1512,0.5788,0.2398,1.6766,1927,0.3477
SIARCTTECCompressBB-RRT,beet_sonata01-3_SIARCTTECCompressBB-RRT,7,34,0.1733,0.3916,0.2403,2.4413,9369,0.2462
SIARCTTECCompressBB-RRT,chop_mazurka24-4_SIARCTTECCompressBB-RRT,3,45,0.1077,0.3654,0.1663,1.9019,15089,0.3543
SIARCTTECCompressBB-RRT,gbns_silverswan_SIARCTTECCompressBB-RRT,4,18,0.1769,0.3497,0.2350,1.4605,204,0.2035
SIARCTTECCompressBB-RRT,mzrt_sonata04-2_SIARCTTECCompressBB-RRT,9,35,0.2617,0.5422,0.3530,2.3793,11635,0.5507
SIARCTTECCompressSegment,bach_wtc2f20_SIARCTTECCompressSegment,3,27,0.1544,0.4741,0.2330,1.6208,1903,0.4288
SIARCTTECCompressSegment,beet_sonata01-3_SIARCTTECCompressSegment,7,35,0.1867,0.3994,0.2544,2.3409,9303,0.2496
SIARCTTECCompressSegment,chop_mazurka24-4_SIARCTTECCompressSegment,3,45,0.1435,0.5273,0.2255,1.9002,14943,0.3837
SIARCTTECCompressSegment,gbns_silverswan_SIARCTTECCompressSegment,4,18,0.1798,0.3267,0.2320,1.4605,207,0.1896
SIARCTTECCompressSegment,mzrt_sonata04-2_SIARCTTECCompressSegment,9,35,0.2840,0.5416,0.3727,2.3793,11560,0.5661
SIARCTTECCompressSegment-RRT,bach_wtc2f20_SIARCTTECCompressSegment-RRT,3,27,0.1332,0.4360,0.2041,1.6766,1912,0.3090
SIARCTTECCompressSegment-RRT,beet_sonata01-3_SIARCTTECCompressSegment-RRT,7,34,0.1932,0.4125,0.2632,2.4413,9400,0.2740
SIARCTTECCompressSegment-RRT,chop_mazurka24-4_SIARCTTECCompressSegment-RRT,3,45,0.1435,0.5273,0.2256,1.9019,15100,0.3837
SIARCTTECCompressSegment-RRT,gbns_silverswan_SIARCTTECCompressSegment-RRT,4,18,0.1749,0.3147,0.2248,1.4605,188,0.1896
SIARCTTECCompressSegment-RRT,mzrt_sonata04-2_SIARCTTECCompressSegment-RRT,9,35,0.2840,0.5416,0.3727,2.3793,11651,0.5661
SIARTECCompress,bach_wtc2f20_SIARTECCompress,3,28,0.1238,0.4015,0.1892,1.7488,5951,0.2405
SIARTECCompress,beet_sonata01-3_SIARTECCompress,7,33,0.1502,0.2369,0.1838,1.7597,49060,0.2289
SIARTECCompress,chop_mazurka24-4_SIARTECCompress,3,49,0.0509,0.1660,0.0779,1.6326,93849,0.1004
SIARTECCompress,gbns_silverswan_SIARTECCompress,4,16,0.1418,0.2475,0.1803,1.4416,691,0.0905
SIARTECCompress,mzrt_sonata04-2_SIARTECCompress,9,54,0.1305,0.2991,0.1817,1.5502,59064,0.3932
SIARTECCompress-RRT,bach_wtc2f20_SIARTECCompress-RRT,3,22,0.1731,0.4357,0.2478,1.8005,6116,0.2487
SIARTECCompress-RRT,beet_sonata01-3_SIARTECCompress-RRT,7,32,0.1491,0.2366,0.1829,1.7946,49943,0.1912
SIARTECCompress-RRT,chop_mazurka24-4_SIARTECCompress-RRT,3,50,0.0525,0.1681,0.0800,1.6693,97530,0.1013
SIARTECCompress-RRT,gbns_silverswan_SIARTECCompress-RRT,4,16,0.1418,0.2475,0.1803,1.4416,606,0.0905
SIARTECCompress-RRT,mzrt_sonata04-2_SIARTECCompress-RRT,9,50,0.1275,0.2932,0.1778,1.5956,59983,0.3932
SIARTECCompressBB,bach_wtc2f20_SIARTECCompressBB,3,28,0.1874,0.3848,0.2521,1.7488,5969,0.2828
SIARTECCompressBB,beet_sonata01-3_SIARTECCompressBB,7,33,0.4161,0.5622,0.4783,1.7597,47850,0.3690
SIARTECCompressBB,chop_mazurka24-4_SIARTECCompressBB,3,49,0.2758,0.6554,0.3883,1.6326,93471,0.3192
SIARTECCompressBB,gbns_silverswan_SIARTECCompressBB,4,16,0.2849,0.3596,0.3179,1.4416,577,0.1762
SIARTECCompressBB,mzrt_sonata04-2_SIARTECCompressBB,9,54,0.3433,0.5348,0.4182,1.5502,58665,0.5429
SIARTECCompressBB-RRT,bach_wtc2f20_SIARTECCompressBB-RRT,3,22,0.2007,0.4169,0.2710,1.8005,6150,0.2596
SIARTECCompressBB-RRT,beet_sonata01-3_SIARTECCompressBB-RRT,7,32,0.4225,0.5516,0.4785,1.7946,49893,0.3587
SIARTECCompressBB-RRT,chop_mazurka24-4_SIARTECCompressBB-RRT,3,50,0.2728,0.6896,0.3910,1.6693,97059,0.3043
SIARTECCompressBB-RRT,gbns_silverswan_SIARTECCompressBB-RRT,4,16,0.2849,0.3596,0.3179,1.4416,595,0.1762
SIARTECCompressBB-RRT,mzrt_sonata04-2_SIARTECCompressBB-RRT,9,50,0.3459,0.5188,0.4151,1.5956,59955,0.5429
SIARTECCompressSegment,bach_wtc2f20_SIARTECCompressSegment,3,28,0.1899,0.3423,0.2443,1.7488,5960,0.2681
SIARTECCompressSegment,beet_sonata01-3_SIARTECCompressSegment,7,33,0.5509,0.6839,0.6102,1.7597,48332,0.4319
SIARTECCompressSegment,chop_mazurka24-4_SIARTECCompressSegment,3,49,0.4729,0.8534,0.6086,1.6326,93596,0.5610
SIARTECCompressSegment,gbns_silverswan_SIARTECCompressSegment,4,16,0.4242,0.3528,0.3852,1.4416,655,0.2656
SIARTECCompressSegment,mzrt_sonata04-2_SIARTECCompressSegment,9,54,0.5026,0.6342,0.5608,1.5502,58686,0.6327
SIARTECCompressSegment-RRT,bach_wtc2f20_SIARTECCompressSegment-RRT,3,22,0.1957,0.3674,0.2554,1.8005,6218,0.2386
SIARTECCompressSegment-RRT,beet_sonata01-3_SIARTECCompressSegment-RRT,7,32,0.5661,0.6814,0.6184,1.7946,50074,0.4914
SIARTECCompressSegment-RRT,chop_mazurka24-4_SIARTECCompressSegment-RRT,3,50,0.4822,0.8641,0.6190,1.6693,96663,0.6267
SIARTECCompressSegment-RRT,gbns_silverswan_SIARTECCompressSegment-RRT,4,16,0.4242,0.3528,0.3852,1.4416,601,0.2656
SIARTECCompressSegment-RRT,mzrt_sonata04-2_SIARTECCompressSegment-RRT,9,50,0.5094,0.6144,0.5570,1.5956,60131,0.6327
SIATECCompress,bach_wtc2f20_SIATECCompress,3,29,0.1387,0.4172,0.2081,1.8139,7489,0.2405
SIATECCompress,beet_sonata01-3_SIATECCompress,7,34,0.1390,0.2420,0.1765,1.8009,53311,0.2289
SIATECCompress,chop_mazurka24-4_SIATECCompress,3,48,0.0645,0.2206,0.0998,1.6627,181939,0.2715
SIATECCompress,gbns_silverswan_SIATECCompress,4,16,0.1381,0.2691,0.1825,1.4735,698,0.1484
SIATECCompress,mzrt_sonata04-2_SIATECCompress,9,33,0.1832,0.3476,0.2400,2.2445,101726,0.3955
SIATECCompress-RRT,bach_wtc2f20_SIATECCompress-RRT,3,25,0.1720,0.5126,0.2576,1.8601,7718,0.2487
SIATECCompress-RRT,beet_sonata01-3_SIATECCompress-RRT,7,30,0.1366,0.2323,0.1720,1.9035,53748,0.1912
SIATECCompress-RRT,chop_mazurka24-4_SIATECCompress-RRT,3,47,0.0582,0.2062,0.0907,1.6123,185430,0.2154
SIATECCompress-RRT,gbns_silverswan_SIATECCompress-RRT,4,16,0.1381,0.2691,0.1825,1.4735,863,0.1484
SIATECCompress-RRT,mzrt_sonata04-2_SIATECCompress-RRT,9,35,0.1671,0.3502,0.2262,2.2359,102749,0.3955
SIATECCompressBB,bach_wtc2f20_SIATECCompressBB,3,29,0.1909,0.4500,0.2680,1.8139,7353,0.2828
SIATECCompressBB,beet_sonata01-3_SIATECCompressBB,7,34,0.4018,0.6164,0.4865,1.8009,52009,0.3690
SIATECCompressBB,chop_mazurka24-4_SIATECCompressBB,3,48,0.2425,0.5695,0.3402,1.6627,179463,0.5140
SIATECCompressBB,gbns_silverswan_SIATECCompressBB,4,16,0.2990,0.3543,0.3243,1.4735,650,0.4004
SIATECCompressBB,mzrt_sonata04-2_SIATECCompressBB,9,33,0.4195,0.5439,0.4736,2.2445,101601,0.5727
SIATECCompressBB-RRT,bach_wtc2f20_SIATECCompressBB-RRT,3,25,0.2061,0.4763,0.2877,1.8601,7659,0.2596
SIATECCompressBB-RRT,beet_sonata01-3_SIATECCompressBB-RRT,7,30,0.3794,0.5685,0.4551,1.9035,53795,0.3587
SIATECCompressBB-RRT,chop_mazurka24-4_SIATECCompressBB-RRT,3,47,0.2438,0.5842,0.3441,1.6123,184161,0.4129
SIATECCompressBB-RRT,gbns_silverswan_SIATECCompressBB-RRT,4,16,0.2990,0.3543,0.3243,1.4735,853,0.4004
SIATECCompressBB-RRT,mzrt_sonata04-2_SIATECCompressBB-RRT,9,35,0.3928,0.5163,0.4462,2.2359,103596,0.5727
SIATECCompressSegment,bach_wtc2f20_SIATECCompressSegment,3,29,0.2110,0.4289,0.2828,1.8139,7438,0.2681
SIATECCompressSegment,beet_sonata01-3_SIATECCompressSegment,7,34,0.5729,0.7461,0.6482,1.8009,51787,0.4319
SIATECCompressSegment,chop_mazurka24-4_SIATECCompressSegment,3,48,0.4175,0.8236,0.5541,1.6627,179364,0.6280
SIATECCompressSegment,gbns_silverswan_SIATECCompressSegment,4,16,0.4655,0.3447,0.3961,1.4735,663,0.6096
SIATECCompressSegment,mzrt_sonata04-2_SIATECCompressSegment,9,33,0.5325,0.5811,0.5558,2.2445,101720,0.6158
SIATECCompressSegment-RRT,bach_wtc2f20_SIATECCompressSegment-RRT,3,25,0.2183,0.4289,0.2893,1.8601,7723,0.2386
SIATECCompressSegment-RRT,beet_sonata01-3_SIATECCompressSegment-RRT,7,30,0.5346,0.7301,0.6173,1.9035,53802,0.4914
SIATECCompressSegment-RRT,chop_mazurka24-4_SIATECCompressSegment-RRT,3,47,0.4136,0.8342,0.5530,1.6123,184450,0.5513
SIATECCompressSegment-RRT,gbns_silverswan_SIATECCompressSegment-RRT,4,16,0.4655,0.3447,0.3961,1.4735,872,0.6096
SIATECCompressSegment-RRT,mzrt_sonata04-2_SIATECCompressSegment-RRT,9,35,0.5217,0.5754,0.5473,2.2359,102587,0.6158
